,episode,logical-query,record-id,join-order
0,0,"['order_details', 'product', 'order', 'deliverer']",0,"['order_details', 'order', 'deliverer', 'product']"
1,1,"['order_details', 'product', 'subcategory', 'order']",1,"['order_details', 'order', 'product', 'subcategory']"
2,2,"['order_details', 'product', 'subcategory', 'order', 'deliverer', 'discount']",2,"['product', 'order_details', 'subcategory', 'order', 'deliverer', 'discount']"
3,3,"['category', 'order_details', 'product', 'subcategory', 'order', 'deliverer', 'discount']",3,"['order_details', 'product', 'order', 'deliverer', 'discount', 'subcategory', 'category']"
4,4,"['order_details', 'product', 'subcategory', 'customer', 'order']",4,"['subcategory', 'product', 'order_details', 'order', 'customer']"
5,5,"['order_details', 'product', 'subcategory', 'order']",5,"['product', 'subcategory', 'order_details', 'order']"
6,6,"['order_details', 'customer', 'order', 'deliverer', 'discount']",6,"['discount', 'order', 'deliverer', 'customer', 'order_details']"
7,7,"['order_details', 'product', 'subcategory', 'order', 'discount']",7,"['order_details', 'order', 'product', 'subcategory', 'discount']"
8,8,"['category', 'product', 'subcategory']",8,"['category', 'subcategory', 'product']"
9,9,"['category', 'order_details', 'product', 'subcategory', 'customer', 'order']",9,"['order_details', 'order', 'customer', 'product', 'subcategory', 'category']"
10,10,"['order_details', 'product', 'order', 'deliverer']",10,"['order_details', 'product', 'order', 'deliverer']"
11,11,"['customer', 'order', 'deliverer', 'discount']",11,"['order', 'discount', 'customer', 'deliverer']"
12,12,"['order_details', 'product', 'subcategory']",12,"['product', 'order_details', 'subcategory']"
13,13,"['order_details', 'product', 'subcategory']",13,"['subcategory', 'product', 'order_details']"
14,14,"['order_details', 'product', 'subcategory', 'customer', 'order', 'deliverer']",14,"['order', 'order_details', 'deliverer', 'customer', 'product', 'subcategory']"
15,15,"['order_details', 'product', 'subcategory', 'customer', 'order', 'deliverer']",15,"['product', 'order_details', 'order', 'customer', 'deliverer', 'subcategory']"
16,16,"['category', 'order_details', 'product', 'subcategory', 'customer', 'order']",16,"['order_details', 'product', 'subcategory', 'category', 'order', 'customer']"
17,17,"['order_details', 'product', 'order', 'deliverer']",17,"['order_details', 'product', 'order', 'deliverer']"
18,18,"['order_details', 'product', 'order']",18,"['product', 'order_details', 'order']"
19,19,"['category', 'order_details', 'product', 'subcategory', 'customer', 'order', 'deliverer']",19,"['category', 'subcategory', 'product', 'order_details', 'order', 'deliverer', 'customer']"
20,20,"['order_details', 'product', 'subcategory', 'customer', 'order', 'deliverer']",20,"['order_details', 'product', 'subcategory', 'order', 'customer', 'deliverer']"
21,21,"['order_details', 'product', 'subcategory']",21,"['product', 'order_details', 'subcategory']"
22,22,"['order_details', 'product', 'subcategory', 'customer', 'order', 'deliverer']",22,"['deliverer', 'order', 'order_details', 'product', 'subcategory', 'customer']"
23,23,"['order_details', 'customer', 'order', 'discount']",23,"['customer', 'order', 'discount', 'order_details']"
24,24,"['order', 'deliverer', 'discount']",24,"['order', 'discount', 'deliverer']"
25,25,"['order_details', 'product', 'order']",25,"['order_details', 'product', 'order']"
26,26,"['customer', 'order', 'deliverer']",26,"['customer', 'order', 'deliverer']"
27,27,"['category', 'product', 'subcategory']",27,"['subcategory', 'category', 'product']"
28,28,"['order_details', 'product', 'subcategory', 'customer', 'order']",28,"['order_details', 'order', 'customer', 'product', 'subcategory']"
29,29,"['category', 'order_details', 'product', 'subcategory', 'order', 'deliverer', 'discount']",29,"['discount', 'order', 'order_details', 'deliverer', 'product', 'subcategory', 'category']"
30,30,"['order_details', 'product', 'subcategory', 'order', 'deliverer', 'discount']",30,"['discount', 'order', 'order_details', 'deliverer', 'product', 'subcategory']"
31,31,"['category', 'product', 'subcategory']",31,"['product', 'subcategory', 'category']"
32,32,"['order_details', 'product', 'subcategory', 'customer', 'order', 'discount']",32,"['discount', 'order', 'order_details', 'product', 'subcategory', 'customer']"
33,33,"['customer', 'order', 'deliverer', 'discount']",33,"['discount', 'order', 'customer', 'deliverer']"
34,34,"['order_details', 'product', 'subcategory', 'order', 'deliverer', 'discount']",34,"['discount', 'order', 'order_details', 'deliverer', 'product', 'subcategory']"
35,35,"['customer', 'order', 'deliverer']",35,"['deliverer', 'order', 'customer']"
36,36,"['order_details', 'product', 'subcategory', 'customer', 'order', 'deliverer']",36,"['order_details', 'product', 'subcategory', 'order', 'deliverer', 'customer']"
37,37,"['order_details', 'order', 'deliverer', 'discount']",37,"['discount', 'order', 'order_details', 'deliverer']"
38,38,"['order_details', 'order', 'deliverer']",38,"['order', 'order_details', 'deliverer']"
39,39,"['order_details', 'customer', 'order', 'deliverer', 'discount']",39,"['discount', 'order', 'order_details', 'deliverer', 'customer']"
40,40,"['category', 'product', 'subcategory']",40,"['category', 'subcategory', 'product']"
41,41,"['order_details', 'product', 'order', 'deliverer']",41,"['deliverer', 'order', 'order_details', 'product']"
42,42,"['order_details', 'product', 'subcategory', 'order', 'deliverer', 'discount']",42,"['product', 'subcategory', 'order_details', 'order', 'discount', 'deliverer']"
43,43,"['category', 'order_details', 'product', 'subcategory', 'order']",43,"['category', 'subcategory', 'product', 'order_details', 'order']"
44,44,"['category', 'order_details', 'product', 'subcategory', 'customer', 'order', 'deliverer']",44,"['product', 'order_details', 'subcategory', 'category', 'order', 'deliverer', 'customer']"
45,45,"['category', 'order_details', 'product', 'subcategory', 'customer', 'order', 'deliverer']",45,"['subcategory', 'category', 'product', 'order_details', 'order', 'deliverer', 'customer']"
46,46,"['order_details', 'product', 'customer', 'order', 'discount']",46,"['discount', 'order', 'customer', 'order_details', 'product']"
47,47,"['order_details', 'product', 'customer', 'order']",47,"['product', 'order_details', 'order', 'customer']"
48,48,"['customer', 'order', 'deliverer']",48,"['order', 'deliverer', 'customer']"
49,49,"['order_details', 'product', 'order', 'discount']",49,"['order', 'discount', 'order_details', 'product']"
50,50,"['order_details', 'product', 'customer', 'order']",50,"['customer', 'order', 'order_details', 'product']"
51,51,"['order_details', 'product', 'subcategory', 'customer', 'order']",51,"['order_details', 'product', 'subcategory', 'order', 'customer']"
52,52,"['category', 'order_details', 'product', 'subcategory', 'order', 'discount']",52,"['discount', 'order', 'order_details', 'product', 'subcategory', 'category']"
53,53,"['order_details', 'order', 'discount']",53,"['discount', 'order', 'order_details']"
54,54,"['order_details', 'product', 'subcategory', 'order']",54,"['product', 'subcategory', 'order_details', 'order']"
55,55,"['order_details', 'order', 'discount']",55,"['discount', 'order', 'order_details']"
56,56,"['order_details', 'product', 'subcategory', 'order', 'discount']",56,"['discount', 'order', 'order_details', 'product', 'subcategory']"
57,57,"['order_details', 'product', 'order', 'deliverer']",57,"['order_details', 'product', 'order', 'deliverer']"
58,58,"['category', 'order_details', 'product', 'subcategory', 'order', 'deliverer', 'discount']",58,"['order_details', 'product', 'subcategory', 'category', 'order', 'discount', 'deliverer']"
59,59,"['order_details', 'product', 'order', 'discount']",59,"['discount', 'order', 'order_details', 'product']"
60,60,"['order_details', 'product', 'subcategory', 'customer', 'order', 'deliverer']",60,"['subcategory', 'product', 'order_details', 'order', 'customer', 'deliverer']"
61,61,"['category', 'order_details', 'product', 'subcategory']",61,"['product', 'subcategory', 'order_details', 'category']"
62,62,"['order_details', 'product', 'customer', 'order', 'discount']",62,"['order_details', 'product', 'order', 'discount', 'customer']"
63,63,"['order_details', 'order', 'discount']",63,"['discount', 'order', 'order_details']"
64,64,"['order_details', 'customer', 'order']",64,"['customer', 'order', 'order_details']"
65,65,"['order_details', 'product', 'subcategory', 'order', 'discount']",65,"['product', 'order_details', 'subcategory', 'order', 'discount']"
66,66,"['order_details', 'product', 'subcategory', 'customer', 'order', 'discount']",66,"['order_details', 'product', 'order', 'discount', 'subcategory', 'customer']"
67,67,"['order_details', 'product', 'customer', 'order', 'deliverer', 'discount']",67,"['discount', 'order', 'customer', 'order_details', 'deliverer', 'product']"
68,68,"['category', 'order_details', 'product', 'subcategory']",68,"['category', 'subcategory', 'product', 'order_details']"
69,69,"['category', 'order_details', 'product', 'subcategory', 'order', 'discount']",69,"['discount', 'order', 'order_details', 'product', 'subcategory', 'category']"
70,70,"['order_details', 'product', 'customer', 'order', 'discount']",70,"['discount', 'order', 'order_details', 'customer', 'product']"
71,71,"['order_details', 'product', 'subcategory', 'customer', 'order', 'deliverer']",71,"['subcategory', 'product', 'order_details', 'order', 'customer', 'deliverer']"
72,72,"['customer', 'order', 'deliverer']",72,"['order', 'customer', 'deliverer']"
73,73,"['customer', 'order', 'deliverer', 'discount']",73,"['deliverer', 'order', 'customer', 'discount']"
74,74,"['category', 'product', 'subcategory']",74,"['subcategory', 'category', 'product']"
75,75,"['category', 'order_details', 'product', 'subcategory', 'order', 'deliverer', 'discount']",75,"['discount', 'order', 'order_details', 'deliverer', 'product', 'subcategory', 'category']"
76,76,"['order_details', 'product', 'customer', 'order', 'deliverer', 'discount']",76,"['discount', 'order', 'customer', 'order_details', 'product', 'deliverer']"
77,77,"['category', 'order_details', 'product', 'subcategory']",77,"['order_details', 'product', 'subcategory', 'category']"
78,78,"['order_details', 'product', 'subcategory', 'customer', 'order']",78,"['subcategory', 'product', 'order_details', 'order', 'customer']"
79,79,"['category', 'order_details', 'product', 'subcategory', 'order']",79,"['category', 'subcategory', 'product', 'order_details', 'order']"
80,80,"['order_details', 'product', 'subcategory']",80,"['subcategory', 'product', 'order_details']"
81,81,"['order_details', 'product', 'customer', 'order', 'deliverer', 'discount']",81,"['discount', 'order', 'customer', 'deliverer', 'order_details', 'product']"
82,82,"['order_details', 'product', 'customer', 'order', 'discount']",82,"['discount', 'order', 'customer', 'order_details', 'product']"
83,83,"['category', 'order_details', 'product', 'subcategory', 'order']",83,"['category', 'subcategory', 'product', 'order_details', 'order']"
84,84,"['order_details', 'product', 'subcategory', 'customer', 'order', 'discount']",84,"['discount', 'order', 'order_details', 'customer', 'product', 'subcategory']"
85,85,"['category', 'product', 'subcategory']",85,"['category', 'subcategory', 'product']"
86,86,"['order_details', 'product', 'subcategory', 'order', 'discount']",86,"['discount', 'order', 'order_details', 'product', 'subcategory']"
87,87,"['order_details', 'order', 'discount']",87,"['discount', 'order', 'order_details']"
88,88,"['category', 'order_details', 'product', 'subcategory']",88,"['category', 'subcategory', 'product', 'order_details']"
89,89,"['category', 'order_details', 'product', 'subcategory', 'order']",89,"['category', 'subcategory', 'product', 'order_details', 'order']"
90,90,"['order_details', 'product', 'subcategory', 'customer', 'order']",90,"['subcategory', 'product', 'order_details', 'order', 'customer']"
91,91,"['order_details', 'customer', 'order', 'deliverer']",91,"['customer', 'order', 'deliverer', 'order_details']"
92,92,"['category', 'order_details', 'product', 'subcategory']",92,"['category', 'subcategory', 'product', 'order_details']"
93,93,"['order_details', 'product', 'order', 'deliverer']",93,"['product', 'order_details', 'order', 'deliverer']"
94,94,"['category', 'order_details', 'product', 'subcategory', 'customer', 'order']",94,"['category', 'subcategory', 'product', 'order_details', 'order', 'customer']"
95,95,"['category', 'order_details', 'product', 'subcategory', 'order', 'deliverer', 'discount']",95,"['discount', 'order', 'deliverer', 'order_details', 'product', 'subcategory', 'category']"
96,96,"['order_details', 'product', 'customer', 'order', 'deliverer', 'discount']",96,"['customer', 'order', 'discount', 'deliverer', 'order_details', 'product']"
97,97,"['order_details', 'product', 'order']",97,"['product', 'order_details', 'order']"
98,98,"['order_details', 'order', 'deliverer', 'discount']",98,"['discount', 'order', 'order_details', 'deliverer']"
99,99,"['order_details', 'product', 'subcategory', 'order', 'discount']",99,"['discount', 'order', 'order_details', 'product', 'subcategory']"
100,100,"['order_details', 'product', 'subcategory', 'order', 'deliverer', 'discount']",100,"['discount', 'order', 'deliverer', 'order_details', 'product', 'subcategory']"
101,101,"['order_details', 'product', 'customer', 'order']",101,"['customer', 'order', 'order_details', 'product']"
102,102,"['order_details', 'order', 'discount']",102,"['discount', 'order', 'order_details']"
103,103,"['category', 'order_details', 'product', 'subcategory', 'order']",103,"['category', 'subcategory', 'product', 'order_details', 'order']"
104,104,"['order_details', 'product', 'subcategory', 'order']",104,"['product', 'subcategory', 'order_details', 'order']"
105,105,"['order_details', 'product', 'order']",105,"['product', 'order_details', 'order']"
106,106,"['order_details', 'product', 'subcategory', 'customer', 'order', 'deliverer']",106,"['subcategory', 'product', 'order_details', 'order', 'customer', 'deliverer']"
107,107,"['order_details', 'product', 'subcategory', 'customer', 'order', 'deliverer']",107,"['subcategory', 'product', 'order_details', 'order', 'customer', 'deliverer']"
108,108,"['order_details', 'product', 'subcategory']",108,"['subcategory', 'product', 'order_details']"
109,109,"['customer', 'order', 'deliverer', 'discount']",109,"['discount', 'order', 'customer', 'deliverer']"
110,110,"['category', 'product', 'subcategory']",110,"['subcategory', 'category', 'product']"
111,111,"['order_details', 'product', 'subcategory', 'order', 'deliverer', 'discount']",111,"['discount', 'order', 'deliverer', 'order_details', 'product', 'subcategory']"
112,112,"['order_details', 'order', 'deliverer', 'discount']",112,"['discount', 'order', 'deliverer', 'order_details']"
113,113,"['order_details', 'order', 'deliverer']",113,"['deliverer', 'order', 'order_details']"
114,114,"['customer', 'order', 'deliverer', 'discount']",114,"['discount', 'order', 'customer', 'deliverer']"
115,115,"['category', 'order_details', 'product', 'subcategory', 'order', 'discount']",115,"['discount', 'order', 'order_details', 'product', 'subcategory', 'category']"
116,116,"['category', 'order_details', 'product', 'subcategory', 'order', 'deliverer', 'discount']",116,"['discount', 'order', 'deliverer', 'order_details', 'product', 'subcategory', 'category']"
117,117,"['order_details', 'product', 'subcategory', 'customer', 'order', 'deliverer']",117,"['subcategory', 'product', 'order_details', 'order', 'customer', 'deliverer']"
118,118,"['customer', 'order', 'deliverer']",118,"['customer', 'order', 'deliverer']"
119,119,"['order_details', 'customer', 'order']",119,"['customer', 'order', 'order_details']"
120,120,"['category', 'order_details', 'product', 'subcategory', 'order', 'discount']",120,"['discount', 'order', 'order_details', 'product', 'subcategory', 'category']"
121,121,"['order_details', 'product', 'subcategory', 'order', 'deliverer', 'discount']",121,"['discount', 'order', 'deliverer', 'order_details', 'product', 'subcategory']"
122,122,"['order_details', 'product', 'subcategory', 'order', 'discount']",122,"['discount', 'order', 'order_details', 'product', 'subcategory']"
123,123,"['order_details', 'product', 'customer', 'order', 'deliverer', 'discount']",123,"['discount', 'order', 'customer', 'deliverer', 'order_details', 'product']"
124,124,"['order_details', 'customer', 'order', 'deliverer']",124,"['customer', 'order', 'deliverer', 'order_details']"
125,125,"['customer', 'order', 'deliverer']",125,"['customer', 'order', 'deliverer']"
126,126,"['category', 'product', 'subcategory']",126,"['category', 'subcategory', 'product']"
127,127,"['order_details', 'customer', 'order', 'deliverer']",127,"['customer', 'order', 'deliverer', 'order_details']"
128,128,"['order', 'deliverer', 'discount']",128,"['discount', 'order', 'deliverer']"
129,129,"['customer', 'order', 'deliverer', 'discount']",129,"['discount', 'order', 'customer', 'deliverer']"
130,130,"['order_details', 'product', 'subcategory']",130,"['product', 'subcategory', 'order_details']"
131,131,"['category', 'order_details', 'product', 'subcategory']",131,"['category', 'subcategory', 'product', 'order_details']"
132,132,"['order_details', 'order', 'deliverer', 'discount']",132,"['discount', 'order', 'deliverer', 'order_details']"
133,133,"['order_details', 'product', 'subcategory', 'order', 'discount']",133,"['discount', 'order', 'order_details', 'product', 'subcategory']"
134,134,"['order_details', 'product', 'customer', 'order']",134,"['customer', 'order', 'order_details', 'product']"
135,135,"['order_details', 'product', 'order', 'deliverer']",135,"['product', 'order_details', 'order', 'deliverer']"
136,136,"['order_details', 'product', 'customer', 'order', 'deliverer', 'discount']",136,"['discount', 'order', 'customer', 'deliverer', 'order_details', 'product']"
137,137,"['order_details', 'product', 'order', 'discount']",137,"['discount', 'order', 'order_details', 'product']"
138,138,"['order_details', 'order', 'discount']",138,"['discount', 'order', 'order_details']"
139,139,"['category', 'order_details', 'product', 'subcategory', 'order', 'deliverer', 'discount']",139,"['discount', 'order', 'deliverer', 'order_details', 'product', 'subcategory', 'category']"
140,140,"['order_details', 'product', 'customer', 'order', 'deliverer', 'discount']",140,"['discount', 'order', 'order_details', 'customer', 'product', 'deliverer']"
141,141,"['order_details', 'order', 'deliverer', 'discount']",141,"['discount', 'order', 'deliverer', 'order_details']"
142,142,"['order', 'deliverer', 'discount']",142,"['discount', 'order', 'deliverer']"
143,143,"['order_details', 'product', 'subcategory']",143,"['subcategory', 'product', 'order_details']"
144,144,"['order_details', 'order', 'discount']",144,"['discount', 'order', 'order_details']"
145,145,"['order_details', 'product', 'order']",145,"['product', 'order_details', 'order']"
146,146,"['category', 'order_details', 'product', 'subcategory', 'customer', 'order', 'deliverer']",146,"['category', 'subcategory', 'product', 'order_details', 'order', 'customer', 'deliverer']"
147,147,"['order_details', 'product', 'subcategory']",147,"['subcategory', 'product', 'order_details']"
148,148,"['order_details', 'order', 'deliverer']",148,"['order', 'deliverer', 'order_details']"
149,149,"['customer', 'order', 'deliverer', 'discount']",149,"['discount', 'order', 'customer', 'deliverer']"
