"subcategory_id","count"
"11233","18"
"11719","25"
"13527","23"
"14173","13"
"14067","25"
"12502","21"
"12602","19"
"13093","16"
"13520","30"
"11416","18"
"14765","21"
"14852","22"
"14466","24"
"11092","15"
"14458","18"
"10628","23"
"12621","20"
"10671","18"
"13168","31"
"10792","29"
"10677","17"
"12806","23"
"10219","15"
"11344","21"
"11797","15"
"10364","16"
"10073","32"
"14636","18"
"13894","14"
"14358","21"
"13653","11"
"12610","21"
"10454","19"
"11728","24"
"11159","18"
"14108","22"
"13048","21"
"10585","13"
"13977","19"
"12251","21"
"10430","26"
"13277","17"
"10399","32"
"11196","17"
"11158","25"
"14403","10"
"12629","21"
"14913","22"
"12961","21"
"13035","22"
"11690","18"
"10592","19"
"12968","13"
"12047","22"
"14764","20"
"14905","22"
"12279","22"
"10431","14"
"12775","20"
"11668","25"
"12287","25"
"10772","18"
"14205","22"
"14824","13"
"13577","23"
"12954","23"
"12220","21"
"12513","20"
"13232","23"
"10200","21"
"13205","25"
"14517","17"
"13866","22"
"10875","18"
"10159","13"
"12248","27"
"12622","25"
"14655","15"
"13503","20"
"12316","21"
"13712","17"
"14622","20"
"12870","18"
"13475","22"
"12525","20"
"10661","19"
"12894","25"
"13273","14"
"13823","26"
"13131","24"
"11051","13"
"11918","20"
"12498","24"
"13272","21"
"12744","17"
"10646","15"
"11194","19"
"13128","18"
"14006","19"
"14747","20"
"14587","21"
"12465","18"
"11792","18"
"13697","25"
"13426","26"
"11099","16"
"12692","16"
"14416","25"
"14849","20"
"13184","24"
"10214","18"
"14487","24"
"11817","16"
"11008","19"
"10627","18"
"11928","19"
"12196","18"
"10413","18"
"12231","16"
"10729","20"
"10385","17"
"11505","21"
"11752","17"
"14162","22"
"11157","27"
"12774","22"
"13831","15"
"12075","22"
"11047","29"
"10547","17"
"12114","16"
"13563","29"
"12045","20"
"12464","24"
"12354","21"
"12271","16"
"14741","17"
"12165","11"
"12497","19"
"14321","14"
"12523","27"
"14832","20"
"13574","15"
"14434","11"
"11247","18"
"13030","19"
"14538","24"
"11359","20"
"14125","20"
"11026","21"
"13344","31"
"14660","23"
"10749","22"
"13013","19"
"11570","18"
"12686","21"
"11612","21"
"14659","14"
"13887","24"
"11979","24"
"13513","13"
"14582","23"
"12736","16"
"14013","17"
"12347","23"
"10289","21"
"14872","15"
"13094","20"
"14662","18"
"11517","24"
"11152","25"
"11964","25"
"13934","18"
"10759","24"
"11418","15"
"11358","28"
"14174","20"
"11562","21"
"12505","26"
"12677","26"
"12905","20"
"12053","28"
"11483","15"
"14776","24"
"11649","21"
"10352","19"
"13912","19"
"10262","15"
"12228","10"
"14509","24"
"14651","19"
"14626","16"
"14130","20"
"10824","18"
"14547","18"
"10612","14"
"11553","21"
"10330","15"
"14610","20"
"11317","16"
"12074","19"
"12145","21"
"10976","14"
"12512","23"
"12836","20"
"13445","21"
"13816","20"
"10306","17"
"11265","20"
"10252","19"
"12191","14"
"10188","21"
"12475","20"
"10042","26"
"12786","16"
"14154","17"
"12486","14"
"10506","15"
"14696","13"
"10993","23"
"10574","23"
"10849","15"
"10453","16"
"13354","21"
"10363","28"
"14715","18"
"14998","18"
"10904","11"
"12415","17"
"13646","16"
"11148","19"
"10563","12"
"14620","36"
"13761","29"
"14290","20"
"10064","15"
"13419","22"
"12019","15"
"14826","14"
"10717","19"
"13253","23"
"11436","21"
"11500","25"
"14923","20"
"12070","22"
"13300","18"
"13114","18"
"14761","16"
"12265","14"
"14331","17"
"14255","20"
"14722","12"
"14367","16"
"11761","27"
"11474","23"
"13943","28"
"11373","18"
"14777","22"
"13443","22"
"13818","26"
"10654","20"
"13983","11"
"12408","19"
"11484","11"
"11163","18"
"13903","18"
"10483","20"
"13259","23"
"13318","29"
"14937","21"
"12034","24"
"10160","23"
"12243","31"
"10795","19"
"13303","19"
"13848","21"
"14264","15"
"11931","20"
"12696","21"
"11029","16"
"12878","22"
"11984","16"
"14265","16"
"13879","24"
"13342","22"
"11869","23"
"12993","21"
"12290","21"
"14958","20"
"10266","20"
"14291","29"
"14424","20"
"13512","22"
"10748","16"
"12239","16"
"11556","31"
"13645","32"
"13963","20"
"12389","21"
"10962","23"
"12252","21"
"12983","19"
"14115","22"
"11178","25"
"12756","23"
"11714","21"
"13071","20"
"11352","17"
"13175","26"
"14770","30"
"14379","19"
"14210","17"
"14137","25"
"14542","25"
"10784","27"
"11981","23"
"10116","22"
"10712","21"
"12662","25"
"10410","15"
"11927","12"
"14476","14"
"13820","24"
"12576","11"
"12306","17"
"14046","28"
"11259","20"
"13411","22"
"12232","22"
"11131","18"
"14102","25"
"10523","20"
"11468","18"
"11126","14"
"14011","21"
"13088","21"
"13295","23"
"13453","19"
"14234","22"
"13672","20"
"11438","19"
"11944","23"
"14155","20"
"13194","24"
"14825","20"
"13156","19"
"14328","21"
"13670","24"
"10007","18"
"12277","17"
"12424","22"
"12709","15"
"10167","16"
"14653","26"
"14151","22"
"12550","14"
"12291","24"
"10569","17"
"11777","21"
"14719","13"
"12057","20"
"12314","30"
"13146","14"
"12469","14"
"10326","16"
"12393","19"
"11681","20"
"13562","25"
"14724","18"
"13763","18"
"11663","24"
"14462","21"
"11657","22"
"12824","20"
"12311","19"
"14329","25"
"12222","12"
"14193","21"
"11496","14"
"13417","24"
"10789","16"
"14598","22"
"14673","23"
"13770","30"
"11200","24"
"14843","9"
"11160","22"
"13850","18"
"13690","23"
"13860","15"
"10166","15"
"13334","19"
"12499","20"
"10050","16"
"13539","20"
"13962","18"
"12221","14"
"10763","14"
"11059","24"
"13979","18"
"13293","15"
"11738","13"
"10891","16"
"11895","16"
"14258","18"
"10504","17"
"14034","14"
"13846","17"
"10914","20"
"11699","26"
"10462","20"
"10817","17"
"10133","21"
"13857","18"
"11659","16"
"11018","18"
"10853","25"
"12642","19"
"13341","15"
"14906","27"
"14242","21"
"11587","23"
"11213","20"
"10767","24"
"13652","29"
"12963","25"
"12885","31"
"13379","10"
"10721","17"
"12350","13"
"12567","21"
"10131","23"
"11055","17"
"13504","19"
"12953","21"
"11161","14"
"14498","15"
"10030","17"
"11311","28"
"13802","22"
"11216","21"
"14677","32"
"14879","20"
"12673","21"
"14853","18"
"12702","18"
"11578","31"
"13476","14"
"10048","11"
"10699","21"
"11662","18"
"14437","25"
"14871","20"
"14056","23"
"13141","22"
"14002","20"
"13057","22"
"14609","26"
"11272","28"
"14885","15"
"14945","22"
"12948","29"
"10369","20"
"12205","25"
"14117","19"
"10995","18"
"11933","20"
"12667","20"
"10231","19"
"14546","24"
"10474","16"
"12142","25"
"14565","24"
"10606","21"
"10366","19"
"11315","24"
"14112","9"
"13246","20"
"11805","19"
"12166","21"
"11746","19"
"11772","12"
"10598","22"
"13252","23"
"13509","26"
"10370","17"
"14248","18"
"10765","19"
"10480","24"
"11724","17"
"12416","22"
"12554","27"
"12634","21"
"13134","31"
"10871","17"
"13142","20"
"14412","20"
"10024","20"
"13572","24"
"13811","13"
"13953","20"
"14185","14"
"14478","20"
"14522","18"
"11273","21"
"11284","26"
"14229","19"
"12978","24"
"13942","34"
"13314","14"
"11048","22"
"10096","16"
"14053","23"
"13119","24"
"12328","20"
"13694","18"
"10825","19"
"12407","28"
"11938","16"
"12456","18"
"11999","23"
"14811","15"
"13633","18"
"11130","18"
"13219","20"
"11188","17"
"12199","15"
"13335","16"
"14299","29"
"12818","19"
"10154","15"
"10980","17"
"12748","24"
"10854","21"
"13990","18"
"12298","24"
"11383","16"
"13722","20"
"13499","15"
"11841","18"
"13446","22"
"12626","15"
"13468","19"
"10383","24"
"14854","21"
"11186","19"
"11062","17"
"11555","24"
"14964","24"
"11696","24"
"12946","13"
"10036","31"
"11343","18"
"10103","24"
"10027","24"
"14404","23"
"13986","12"
"13066","19"
"12071","20"
"12876","18"
"10830","16"
"14288","15"
"11665","13"
"10450","22"
"13347","24"
"12506","27"
"10994","12"
"14347","16"
"14554","21"
"11534","23"
"11043","27"
"10841","19"
"11898","26"
"13805","17"
"12436","17"
"14305","14"
"10707","16"
"11764","17"
"11393","19"
"14168","23"
"11620","17"
"14110","19"
"13718","17"
"11526","38"
"12543","22"
"11323","22"
"13133","18"
"14423","9"
"11473","21"
"10423","18"
"11257","15"
"13693","20"
"10579","13"
"14337","10"
"11580","22"
"11763","25"
"13275","21"
"14691","16"
"14731","18"
"14657","18"
"13771","20"
"12697","23"
"14439","21"
"11337","16"
"10673","27"
"10300","20"
"12442","17"
"12942","22"
"14091","19"
"13211","30"
"14477","19"
"11886","24"
"14207","24"
"11852","20"
"13496","21"
"13996","24"
"12603","22"
"13095","17"
"14197","30"
"13948","19"
"14306","26"
"14281","20"
"13524","17"
"10860","19"
"10235","18"
"12253","12"
"13399","20"
"13967","19"
"11635","18"
"13847","14"
"11849","20"
"13063","28"
"14519","16"
"13402","23"
"11091","16"
"10398","18"
"10088","21"
"11481","30"
"11734","13"
"13873","24"
"10605","14"
"13708","18"
"12890","16"
"13285","18"
"13463","11"
"14058","19"
"10888","24"
"10329","25"
"13355","23"
"14708","22"
"14414","26"
"12798","24"
"13343","22"
"10799","16"
"14378","20"
"14876","24"
"14191","26"
"14095","26"
"11626","20"
"14891","17"
"10508","17"
"13758","16"
"10336","19"
"12639","21"
"12734","34"
"14175","20"
"12779","20"
"14909","22"
"13705","17"
"10360","27"
"13710","19"
"13609","21"
"10800","18"
"10199","25"
"11224","20"
"12862","19"
"10922","19"
"13597","22"
"13550","18"
"12821","25"
"14977","14"
"11308","15"
"14335","25"
"13759","19"
"10727","11"
"11884","17"
"13851","22"
"10012","28"
"14690","16"
"11282","18"
"13865","18"
"13590","13"
"12336","21"
"14461","21"
"13265","14"
"11532","27"
"12557","17"
"10339","23"
"13160","16"
"10670","16"
"12807","20"
"11211","17"
"10642","17"
"11251","13"
"13001","26"
"13895","23"
"14916","25"
"11331","23"
"11514","21"
"11459","17"
"11044","18"
"14188","18"
"12858","21"
"11493","25"
"10616","14"
"13570","19"
"12002","16"
"10153","16"
"11968","22"
"13053","27"
"11112","19"
"11542","19"
"12991","20"
"13348","23"
"12570","14"
"11904","17"
"13100","16"
"13530","22"
"11179","23"
"10407","21"
"14375","29"
"11001","19"
"10379","18"
"13650","17"
"11625","19"
"12103","26"
"12331","20"
"14394","29"
"11134","18"
"14385","24"
"10736","11"
"12137","18"
"11548","21"
"10118","16"
"14136","22"
"11351","21"
"10461","23"
"13976","20"
"11340","26"
"13663","13"
"13569","19"
"13621","26"
"14702","22"
"11873","18"
"12339","14"
"14178","15"
"14666","15"
"13709","20"
"14008","23"
"11485","24"
"14104","23"
"13856","26"
"10519","18"
"13898","21"
"13227","21"
"10639","17"
"12773","20"
"11959","17"
"12943","24"
"12504","22"
"11800","12"
"11843","22"
"13378","17"
"10388","20"
"13172","18"
"10564","32"
"13029","20"
"14627","19"
"11798","22"
"11527","16"
"13535","18"
"14936","19"
"12198","18"
"14504","19"
"11461","19"
"12194","14"
"10401","17"
"13167","17"
"12330","23"
"12217","22"
"10540","19"
"14780","22"
"14524","26"
"10845","17"
"10357","20"
"11669","20"
"12914","15"
"13310","23"
"11433","25"
"13972","21"
"10465","16"
"12996","20"
"11667","23"
"11385","20"
"12435","16"
"10031","25"
"10813","31"
"13456","20"
"11974","14"
"13642","21"
"12257","29"
"12420","21"
"11447","13"
"12482","23"
"10644","21"
"14908","20"
"13558","17"
"14929","13"
"13018","26"
"11406","22"
"13920","20"
"12751","16"
"11376","19"
"12490","21"
"11646","26"
"10359","19"
"14668","23"
"13047","22"
"11897","22"
"11633","21"
"14027","16"
"13994","21"
"12412","17"
"10446","14"
"11901","18"
"14989","19"
"14990","17"
"10213","25"
"13440","17"
"12136","21"
"14009","17"
"10435","20"
"13152","25"
"14507","19"
"13433","17"
"11411","19"
"13733","17"
"14452","15"
"10452","13"
"10195","28"
"10878","22"
"13472","24"
"10937","15"
"11045","20"
"14415","16"
"11783","20"
"10045","17"
"10382","19"
"12453","15"
"10662","14"
"12068","15"
"14512","26"
"11090","18"
"11096","24"
"10852","22"
"14605","16"
"12797","17"
"11422","23"
"12611","22"
"10078","21"
"14844","22"
"12888","12"
"10102","22"
"10109","17"
"11222","23"
"11245","26"
"10288","13"
"10742","18"
"11193","21"
"10713","16"
"11826","20"
"14956","24"
"12392","34"
"11592","18"
"12630","24"
"12439","30"
"13583","19"
"10586","12"
"12048","24"
"10011","21"
"11608","28"
"11811","18"
"13737","13"
"12275","15"
"12203","17"
"12600","19"
"13739","25"
"11647","17"
"13299","20"
"13534","21"
"11842","16"
"10233","19"
"12468","24"
"14436","29"
"12177","21"
"14912","20"
"13190","18"
"11549","26"
"13780","27"
"14866","23"
"14969","24"
"14345","23"
"11382","18"
"12411","17"
"14601","18"
"14253","16"
"12079","9"
"12500","16"
"13202","19"
"12139","19"
"14268","19"
"11264","20"
"11773","13"
"14818","22"
"11976","19"
"14518","18"
"11965","15"
"13451","22"
"10678","22"
"13595","20"
"13418","20"
"13014","29"
"11982","23"
"10466","17"
"13323","20"
"11231","18"
"12138","11"
"13814","11"
"12089","17"
"14806","26"
"13965","14"
"10013","18"
"13588","20"
"12333","26"
"11392","20"
"10304","25"
"11039","15"
"12187","16"
"13390","23"
"13098","27"
"10245","30"
"11146","18"
"11508","24"
"10898","24"
"13283","15"
"14571","17"
"10533","21"
"11893","18"
"13896","28"
"12004","23"
"12965","19"
"11019","22"
"14131","22"
"11240","19"
"13425","22"
"10244","19"
"10426","18"
"12852","21"
"13893","19"
"11994","11"
"11068","22"
"13306","24"
"11450","23"
"12399","9"
"13386","23"
"14490","18"
"10464","22"
"10505","17"
"11434","17"
"15002","28"
"11429","21"
"13974","13"
"13870","17"
"11302","14"
"14138","18"
"13669","15"
"14672","23"
"14272","24"
"14767","24"
"14320","18"
"10641","18"
"12587","22"
"10402","27"
"14711","18"
"11733","16"
"10264","22"
"10794","22"
"11912","23"
"14577","24"
"13908","29"
"10838","11"
"12028","19"
"13240","19"
"11347","14"
"14845","18"
"12206","21"
"11594","22"
"13000","27"
"10679","19"
"14984","28"
"10445","13"
"10081","25"
"11170","13"
"13340","20"
"11362","23"
"11950","25"
"14266","18"
"15004","19"
"12031","17"
"11372","26"
"14861","23"
"12459","22"
"11872","20"
"12940","21"
"10209","24"
"13230","12"
"14799","23"
"12992","20"
"14648","14"
"13249","16"
"10271","16"
"12133","19"
"13871","20"
"14979","10"
"10310","17"
"10971","24"
"13592","18"
"14230","15"
"14287","16"
"14535","19"
"10338","28"
"13423","26"
"11274","20"
"11380","19"
"14425","15"
"12556","27"
"12951","23"
"12111","18"
"13070","27"
"12767","19"
"10177","20"
"14251","21"
"14465","22"
"10286","28"
"14583","25"
"13083","13"
"10917","14"
"11756","25"
"13540","23"
"12573","23"
"12919","23"
"12760","17"
"13523","27"
"12329","17"
"11271","19"
"13405","15"
"12829","24"
"12933","19"
"11630","19"
"10805","19"
"11595","19"
"11115","23"
"12969","13"
"13490","24"
"13654","19"
"10837","24"
"12547","18"
"14023","14"
"10716","10"
"12368","14"
"10321","24"
"11451","23"
"11009","24"
"14395","21"
"12334","20"
"13481","15"
"11033","24"
"12972","23"
"14198","18"
"13363","22"
"11267","16"
"14809","16"
"14919","18"
"14000","25"
"12384","12"
"14357","13"
"10524","21"
"10732","16"
"13191","17"
"10520","22"
"12014","24"
"10684","26"
"10488","29"
"12491","21"
"11012","16"
"14333","27"
"13622","15"
"10806","22"
"11855","15"
"11021","28"
"12363","22"
"13728","15"
"10882","14"
"12113","21"
"10372","24"
"14450","23"
"13480","15"
"12949","17"
"10202","23"
"11119","20"
"10432","21"
"10197","25"
"12274","19"
"10115","19"
"13921","26"
"11973","27"
"10361","18"
"10577","24"
"10760","12"
"12171","28"
"10559","20"
"11975","15"
"13784","18"
"12812","13"
"11396","19"
"10924","12"
"12488","16"
"10500","15"
"11467","21"
"13995","15"
"12272","27"
"12555","13"
"11750","20"
"12986","19"
"13919","18"
"12633","24"
"11281","16"
"12579","30"
"12625","23"
"11957","18"
"12529","12"
"10089","17"
"13706","28"
"12297","18"
"11591","22"
"11239","23"
"13409","26"
"12819","21"
"14869","17"
"10842","27"
"14903","23"
"12405","22"
"13263","24"
"11187","20"
"11190","21"
"12540","22"
"12095","17"
"10224","14"
"10933","15"
"13601","16"
"11827","22"
"11693","18"
"10656","25"
"13985","16"
"10831","13"
"12706","14"
"13551","15"
"14257","18"
"12729","26"
"14098","23"
"10883","23"
"12186","27"
"12478","22"
"10802","14"
"10595","21"
"10901","33"
"13913","21"
"13089","19"
"10556","23"
"13260","18"
"11114","18"
"10014","26"
"11102","20"
"13757","21"
"10685","20"
"11415","15"
"12925","21"
"12777","25"
"12880","17"
"10312","19"
"12966","31"
"14942","17"
"10909","20"
"13546","20"
"12397","24"
"13904","24"
"13794","22"
"12568","21"
"10136","25"
"11550","28"
"13025","27"
"13362","14"
"11413","27"
"13785","19"
"14980","25"
"12791","24"
"11675","23"
"10371","21"
"10074","17"
"13605","19"
"10518","17"
"12663","15"
"14196","17"
"13268","23"
"12175","25"
"10514","23"
"11963","25"
"10978","14"
"10889","16"
"10294","19"
"10095","19"
"13719","24"
"14275","14"
"11177","14"
"14485","14"
"10168","19"
"10529","14"
"10545","19"
"13624","22"
"14551","23"
"14619","14"
"13483","12"
"13793","25"
"14926","22"
"10403","13"
"10762","15"
"10869","18"
"13395","23"
"11688","20"
"12799","12"
"12860","23"
"12381","22"
"10591","23"
"14785","17"
"10811","31"
"12432","20"
"12676","17"
"11735","19"
"12783","19"
"10098","23"
"13926","25"
"14692","23"
"14048","16"
"13271","19"
"10234","27"
"14614","27"
"10121","18"
"14541","17"
"11065","16"
"14671","17"
"12366","29"
"11227","16"
"13151","21"
"13666","17"
"12609","27"
"11127","20"
"11449","18"
"11836","15"
"13878","15"
"10494","29"
"13434","26"
"14267","34"
"10072","15"
"14223","24"
"12011","19"
"10496","21"
"11709","16"
"11536","22"
"13715","18"
"13278","14"
"13868","20"
"12552","24"
"12450","21"
"13170","23"
"11162","19"
"12534","8"
"12770","13"
"10490","18"
"14322","27"
"13012","24"
"10622","16"
"11391","24"
"13616","23"
"14346","14"
"13582","30"
"11058","29"
"10373","16"
"11737","28"
"12952","27"
"13422","14"
"14318","17"
"12326","17"
"12928","20"
"13594","17"
"15000","21"
"14308","13"
"13767","14"
"13284","24"
"12763","16"
"11318","24"
"11180","16"
"11310","21"
"13276","26"
"10754","17"
"12930","13"
"12437","20"
"13097","18"
"10542","17"
"13877","23"
"10945","14"
"12764","19"
"12286","18"
"11522","19"
"13980","23"
"11736","27"
"12882","20"
"13596","20"
"11790","18"
"12958","22"
"14748","27"
"12400","22"
"13108","18"
"10828","22"
"12595","20"
"11101","19"
"11543","8"
"12358","25"
"11139","17"
"10090","20"
"12471","16"
"12902","16"
"10932","31"
"10941","19"
"12494","24"
"13542","24"
"12273","16"
"13280","23"
"15005","26"
"12516","25"
"11673","13"
"13507","25"
"14728","14"
"14204","28"
"14661","21"
"14094","21"
"13144","26"
"14285","24"
"10132","17"
"10296","12"
"14505","22"
"14159","16"
"14312","22"
"13964","36"
"10990","21"
"11085","21"
"12623","16"
"13978","18"
"13813","15"
"12877","18"
"11653","18"
"14344","21"
"14444","18"
"12857","21"
"10193","20"
"11652","10"
"12105","19"
"12521","18"
"14520","23"
"10331","14"
"14087","23"
"13229","21"
"12533","20"
"10417","22"
"14417","25"
"11452","14"
"13115","23"
"14284","19"
"12124","19"
"14250","22"
"14602","22"
"10246","17"
"13600","18"
"10170","24"
"11722","19"
"13375","17"
"12713","23"
"10819","20"
"11547","22"
"10240","17"
"11016","23"
"13470","26"
"13807","22"
"12156","23"
"11854","20"
"12088","18"
"14599","16"
"14019","21"
"11934","24"
"11332","19"
"14164","13"
"10675","15"
"10701","20"
"14650","21"
"13561","19"
"14643","15"
"11708","23"
"14716","23"
"12936","23"
"14516","23"
"13875","20"
"14380","17"
"11887","19"
"12635","19"
"11794","27"
"14370","23"
"13112","10"
"11480","18"
"11833","24"
"10814","22"
"13135","21"
"14548","27"
"13166","19"
"13585","21"
"12249","21"
"13959","22"
"14238","14"
"13623","20"
"14165","12"
"10378","16"
"12566","15"
"10635","14"
"13736","26"
"13586","19"
"14995","15"
"12173","17"
"13789","21"
"14077","18"
"13290","15"
"11229","20"
"13431","13"
"10648","18"
"13762","26"
"10931","17"
"13294","20"
"10295","19"
"12021","14"
"13634","16"
"14247","16"
"14873","18"
"11765","30"
"10855","17"
"10037","22"
"10608","22"
"14754","23"
"14549","21"
"11741","22"
"13467","17"
"13640","22"
"13892","22"
"13991","16"
"11192","17"
"14407","23"
"10509","21"
"12161","15"
"13161","26"
"14526","26"
"10275","19"
"14224","17"
"11814","12"
"10126","22"
"12149","24"
"10107","16"
"12370","20"
"10897","14"
"14674","23"
"13420","14"
"10600","23"
"14496","23"
"12359","24"
"14149","19"
"13792","18"
"13841","22"
"10593","20"
"12479","23"
"10421","20"
"12024","21"
"14971","17"
"10307","13"
"11529","26"
"10647","17"
"10866","16"
"13578","20"
"10287","20"
"13999","26"
"10442","16"
"14939","18"
"14392","21"
"12973","15"
"14482","18"
"14371","20"
"10823","23"
"10229","15"
"10987","20"
"11442","18"
"11560","10"
"10161","19"
"11639","30"
"13933","25"
"14073","10"
"10890","27"
"13488","22"
"11172","25"
"12184","23"
"10258","25"
"10766","14"
"12312","22"
"11583","19"
"11557","13"
"14139","21"
"11720","24"
"12373","26"
"11674","20"
"13565","22"
"13659","23"
"11432","14"
"10625","25"
"13381","18"
"10092","23"
"10859","21"
"12332","23"
"10834","23"
"12881","13"
"12443","14"
"14041","21"
"14537","25"
"13966","21"
"10179","19"
"13330","16"
"11561","23"
"11000","20"
"10558","22"
"13602","17"
"11069","22"
"14810","23"
"11613","17"
"14045","14"
"10895","20"
"10135","25"
"12647","15"
"12493","22"
"14632","18"
"12394","34"
"11694","20"
"10921","17"
"12853","14"
"14814","18"
"13804","18"
"10216","17"
"13559","24"
"11641","25"
"13478","16"
"14867","22"
"10023","19"
"14135","22"
"10280","23"
"12106","11"
"13745","21"
"14820","20"
"12985","25"
"14101","24"
"14695","25"
"12340","19"
"14047","14"
"12931","20"
"12660","16"
"11189","27"
"11287","20"
"10992","16"
"14755","20"
"13045","20"
"12559","19"
"12805","27"
"10468","17"
"11129","13"
"14483","23"
"10250","13"
"13110","22"
"13482","17"
"13179","14"
"14171","26"
"11312","22"
"14114","18"
"13726","24"
"14862","18"
"13396","16"
"14289","26"
"14789","23"
"13302","26"
"12565","21"
"12318","20"
"11292","21"
"14449","20"
"13010","21"
"10975","18"
"12337","21"
"13885","22"
"10546","20"
"12615","26"
"12598","13"
"11691","17"
"13143","26"
"12305","24"
"13286","19"
"11623","20"
"13154","20"
"14049","18"
"13824","29"
"13319","12"
"14751","19"
"14881","19"
"11203","23"
"11661","14"
"10416","18"
"14616","22"
"11678","14"
"12302","18"
"13279","26"
"14894","15"
"13213","24"
"10857","19"
"14540","25"
"11063","14"
"13946","20"
"13157","20"
"12753","23"
"10298","13"
"14836","24"
"14736","20"
"13651","17"
"14270","16"
"13817","18"
"11171","19"
"12303","21"
"11067","20"
"13511","21"
"13059","19"
"12638","15"
"10502","18"
"12583","21"
"10148","19"
"12380","12"
"14904","25"
"11020","18"
"11079","25"
"11252","18"
"12510","33"
"14369","21"
"12707","22"
"11831","21"
"14628","23"
"11707","20"
"10076","20"
"12055","19"
"11138","22"
"10946","16"
"12043","22"
"13474","14"
"13317","23"
"10998","23"
"13163","21"
"14631","27"
"14705","21"
"14492","22"
"13197","14"
"11512","19"
"11729","19"
"14911","18"
"10120","17"
"13258","21"
"11453","27"
"11590","24"
"12995","13"
"14420","20"
"12690","15"
"12845","19"
"14859","21"
"10522","21"
"11930","25"
"13777","18"
"13028","23"
"14815","15"
"12683","24"
"11640","19"
"12472","26"
"11614","20"
"13909","19"
"13352","11"
"10429","17"
"13036","20"
"11423","22"
"13288","27"
"10150","29"
"13945","28"
"13987","22"
"11412","18"
"10676","18"
"13636","18"
"11882","21"
"13137","26"
"12244","20"
"13383","12"
"12695","23"
"11937","23"
"10530","28"
"13766","22"
"14986","21"
"14170","21"
"12356","25"
"12434","23"
"10189","19"
"14297","13"
"11458","25"
"12892","19"
"11844","17"
"12176","20"
"12703","14"
"14805","23"
"13121","26"
"10798","21"
"12000","11"
"11523","22"
"10515","22"
"13238","18"
"12107","28"
"10499","22"
"12064","19"
"10292","25"
"14944","30"
"11082","19"
"10560","16"
"12644","21"
"13825","13"
"14055","22"
"14742","14"
"14943","23"
"13575","19"
"13388","20"
"13944","25"
"12072","19"
"11275","27"
"10630","8"
"11516","14"
"14884","24"
"14158","17"
"12745","23"
"12426","18"
"12460","18"
"10758","18"
"14790","16"
"14286","19"
"14834","24"
"10181","22"
"12324","20"
"13430","24"
"14078","19"
"13704","16"
"10487","18"
"12752","20"
"14934","13"
"11601","20"
"10667","11"
"11967","32"
"14721","27"
"13124","13"
"13536","19"
"13746","28"
"10448","17"
"14955","28"
"10033","16"
"11290","13"
"10384","21"
"12608","13"
"14993","30"
"13937","22"
"14838","23"
"12624","27"
"11952","18"
"13501","23"
"11726","23"
"13797","24"
"11712","23"
"10820","14"
"11206","26"
"12979","15"
"14781","24"
"14922","15"
"13519","19"
"10846","27"
"13695","26"
"13830","21"
"14156","12"
"10960","21"
"11993","22"
"14209","24"
"14132","16"
"12597","19"
"13859","24"
"11486","26"
"10328","16"
"14144","27"
"11745","12"
"14729","20"
"12741","32"
"14413","24"
"14459","22"
"14401","15"
"12425","29"
"13988","20"
"14897","28"
"10344","16"
"12032","24"
"11329","19"
"10983","24"
"14769","19"
"10210","19"
"13573","25"
"13254","21"
"14085","18"
"11313","18"
"11751","12"
"12367","23"
"10826","14"
"13779","22"
"13533","21"
"10963","16"
"10283","17"
"10693","12"
"13861","17"
"11149","14"
"12530","17"
"11677","25"
"12395","23"
"12725","16"
"14038","27"
"11638","19"
"11785","22"
"10256","22"
"13359","26"
"13244","20"
"11769","25"
"11807","15"
"13393","23"
"11151","19"
"13424","26"
"14552","24"
"14118","14"
"10614","20"
"12063","31"
"10272","31"
"10967","20"
"14148","13"
"13196","22"
"12920","20"
"14508","22"
"13406","20"
"13635","26"
"12213","25"
"10734","25"
"13608","18"
"14594","21"
"14239","21"
"11235","19"
"11804","20"
"14330","25"
"11685","32"
"14957","27"
"13735","22"
"14693","19"
"14488","23"
"11084","24"
"14831","19"
"10173","15"
"11604","20"
"12536","22"
"11704","14"
"11105","17"
"12874","26"
"10538","19"
"11464","16"
"14106","20"
"10952","31"
"11559","16"
"10497","25"
"12803","19"
"13256","13"
"10659","16"
"12131","20"
"12310","19"
"10565","17"
"13671","18"
"12718","19"
"11835","10"
"14455","21"
"14545","19"
"11995","22"
"11463","30"
"11237","24"
"12728","27"
"14917","12"
"11569","18"
"12457","14"
"12801","28"
"13407","20"
"14850","16"
"14558","20"
"10137","18"
"14454","16"
"10180","20"
"11830","24"
"13923","17"
"11589","25"
"10436","21"
"13849","25"
"10149","18"
"11456","22"
"12517","16"
"11504","13"
"12391","15"
"14590","21"
"14530","26"
"12909","30"
"13970","16"
"11759","19"
"11076","23"
"12772","16"
"10710","27"
"14514","20"
"14569","22"
"11341","22"
"10516","20"
"12117","25"
"13466","18"
"14701","25"
"14617","13"
"12916","30"
"10414","15"
"12041","34"
"10704","20"
"10861","18"
"14948","20"
"10438","18"
"14592","20"
"11703","22"
"13727","17"
"10548","17"
"13852","13"
"13493","19"
"12214","18"
"14107","19"
"13397","24"
"14063","25"
"12867","23"
"12288","18"
"12230","18"
"14246","29"
"12016","16"
"12058","24"
"10653","17"
"11100","21"
"13724","12"
"11032","26"
"11497","15"
"10394","16"
"12144","24"
"12841","15"
"14676","16"
"13204","23"
"13324","16"
"13545","16"
"12255","17"
"13138","17"
"12001","22"
"10047","26"
"13460","26"
"12335","22"
"14539","15"
"13320","13"
"14296","22"
"12188","23"
"11943","30"
"12572","20"
"11781","21"
"13960","22"
"11460","29"
"12285","24"
"10672","25"
"13897","20"
"12839","14"
"12182","11"
"11573","28"
"12066","17"
"11832","26"
"10185","17"
"13992","17"
"14534","28"
"14100","21"
"11885","16"
"14593","21"
"10617","21"
"11890","14"
"12084","19"
"14460","22"
"11656","18"
"12448","28"
"13235","23"
"11809","10"
"13404","26"
"10884","17"
"12955","18"
"13769","17"
"14630","19"
"12897","27"
"13951","23"
"12307","24"
"13339","13"
"13884","17"
"13555","25"
"12159","24"
"10028","19"
"10427","17"
"13579","23"
"12640","26"
"10481","13"
"10913","14"
"14084","20"
"11919","19"
"11296","20"
"11286","22"
"13696","13"
"11015","16"
"13486","19"
"14663","23"
"14161","23"
"11003","26"
"14411","18"
"13528","18"
"11948","14"
"14536","17"
"13450","15"
"13689","24"
"13329","17"
"12789","27"
"10080","22"
"12023","24"
"12581","27"
"12378","14"
"13773","25"
"10686","13"
"13729","18"
"14821","22"
"12258","18"
"10242","19"
"13822","15"
"11365","20"
"12445","24"
"10624","25"
"14795","15"
"12430","18"
"14768","19"
"12766","26"
"11862","13"
"10147","20"
"13044","14"
"11932","18"
"11655","20"
"12910","18"
"13374","22"
"14527","15"
"10571","29"
"13858","15"
"12179","25"
"11953","17"
"10303","26"
"13435","17"
"11780","26"
"11628","22"
"14254","14"
"14033","20"
"10129","16"
"10349","21"
"13753","26"
"14999","27"
"12988","14"
"12219","11"
"10056","15"
"13022","20"
"11409","31"
"13958","24"
"14996","24"
"12618","25"
"12352","24"
"11031","19"
"14445","22"
"14679","21"
"13076","13"
"11503","23"
"13952","18"
"11998","22"
"12372","24"
"10597","23"
"14169","22"
"10927","24"
"11706","13"
"13366","25"
"12120","25"
"14491","16"
"13127","21"
"13042","18"
"13164","18"
"13717","18"
"12357","16"
"13854","31"
"12980","28"
"12241","16"
"12163","24"
"12115","24"
"13842","16"
"12351","20"
"12612","19"
"10305","17"
"12990","18"
"10723","20"
"12208","22"
"12284","26"
"11495","21"
"14775","16"
"13021","21"
"13957","15"
"14983","15"
"12815","20"
"10894","24"
"11482","8"
"12514","22"
"10451","27"
"10535","14"
"11870","24"
"13500","15"
"13442","17"
"10949","24"
"10779","16"
"13557","31"
"13576","20"
"14218","11"
"14624","18"
"10886","19"
"11710","21"
"10124","19"
"13361","24"
"10251","9"
"14746","24"
"14186","24"
"13086","17"
"12904","20"
"10418","26"
"11384","17"
"11575","22"
"14837","22"
"14501","21"
"13751","15"
"10343","26"
"12668","18"
"10966","14"
"14967","20"
"14377","17"
"14213","18"
"12007","19"
"11074","16"
"13185","20"
"12657","13"
"13473","17"
"12280","14"
"10991","19"
"12225","14"
"13832","21"
"14081","15"
"10786","25"
"13829","20"
"10746","21"
"12447","24"
"11253","19"
"12150","15"
"11011","21"
"11346","22"
"13760","19"
"13469","19"
"10345","19"
"12487","12"
"13373","18"
"11175","17"
"12362","20"
"12863","19"
"11394","19"
"10836","14"
"14324","19"
"10327","18"
"13730","18"
"14883","23"
"13331","22"
"12158","15"
"10100","15"
"14638","18"
"10178","16"
"13106","15"
"11123","21"
"10157","20"
"10477","24"
"12080","25"
"14134","29"
"12731","23"
"12081","19"
"12313","31"
"11128","24"
"14856","18"
"13701","24"
"11489","15"
"12042","18"
"12250","25"
"11363","21"
"12776","12"
"11420","27"
"13681","23"
"13003","22"
"11117","18"
"13593","23"
"12701","15"
"14982","19"
"13544","9"
"10954","13"
"10738","18"
"14202","28"
"11917","23"
"12782","15"
"14282","27"
"11740","18"
"14030","15"
"11321","20"
"13242","17"
"12802","25"
"11889","20"
"13322","17"
"13925","22"
"10687","25"
"11184","25"
"13369","16"
"11141","30"
"10239","25"
"12879","28"
"13233","27"
"13680","14"
"10099","19"
"11806","17"
"10175","18"
"10054","24"
"13101","24"
"11122","22"
"13613","21"
"11840","16"
"10390","23"
"10134","18"
"11469","20"
"13315","13"
"13439","29"
"11603","22"
"13050","18"
"10269","36"
"12466","22"
"14709","19"
"12727","26"
"14782","17"
"14427","21"
"11132","24"
"12282","19"
"11717","13"
"11847","14"
"13061","16"
"12762","25"
"10858","20"
"11121","31"
"14749","18"
"12562","18"
"11378","17"
"13747","17"
"14143","20"
"14365","24"
"13041","14"
"12811","21"
"14758","18"
"11154","19"
"10444","12"
"11028","22"
"13508","14"
"11971","27"
"12234","18"
"14295","17"
"14004","12"
"12025","19"
"10580","23"
"12843","20"
"14978","22"
"10192","21"
"13123","24"
"11755","23"
"13491","17"
"12927","23"
"10561","15"
"10351","17"
"10776","15"
"14697","21"
"10346","22"
"10969","22"
"12202","24"
"14356","25"
"14743","19"
"11990","22"
"10940","24"
"14797","27"
"12784","15"
"10190","14"
"11945","22"
"15001","18"
"10936","24"
"10918","25"
"14468","17"
"14734","19"
"14276","24"
"11985","36"
"14718","18"
"13153","15"
"12817","25"
"13556","18"
"14687","19"
"12210","24"
"12758","18"
"12682","18"
"14327","18"
"12872","23"
"10267","22"
"13206","23"
"12970","22"
"11572","19"
"14835","23"
"12850","30"
"13182","12"
"12440","15"
"14685","21"
"11354","22"
"13947","18"
"11299","29"
"12338","13"
"14877","23"
"11210","20"
"13750","22"
"12245","18"
"13264","19"
"13836","19"
"10507","25"
"14141","27"
"11923","21"
"13270","24"
"12825","18"
"14589","21"
"11081","13"
"11367","15"
"10376","18"
"13305","18"
"11476","19"
"13214","18"
"13356","14"
"12480","20"
"10974","21"
"14965","21"
"10588","28"
"13457","20"
"13810","22"
"13372","21"
"11961","21"
"12090","21"
"12599","19"
"14099","19"
"13207","25"
"14557","23"
"10521","17"
"13441","22"
"13212","24"
"12607","15"
"11104","25"
"14991","18"
"13350","16"
"13023","20"
"13514","6"
"13068","17"
"12838","12"
"13327","19"
"12721","16"
"14241","14"
"11445","23"
"13226","19"
"14341","21"
"11856","17"
"14645","21"
"13872","15"
"14941","17"
"11774","21"
"12592","18"
"11243","15"
"13062","21"
"13398","26"
"11133","22"
"14759","18"
"10951","18"
"13665","17"
"13410","19"
"10986","15"
"12413","16"
"14625","17"
"14389","21"
"11164","13"
"12346","24"
"10270","16"
"12123","22"
"11304","28"
"13090","19"
"12722","16"
"13692","21"
"13702","22"
"13612","25"
"13548","16"
"11997","19"
"13568","21"
"14406","17"
"10279","18"
"14559","16"
"14419","27"
"13222","19"
"10603","19"
"14521","13"
"12740","14"
"11377","18"
"11850","24"
"12110","17"
"12935","29"
"10892","24"
"11490","20"
"10409","18"
"12083","19"
"13936","12"
"11071","18"
"13744","22"
"14200","21"
"14733","17"
"14808","22"
"12481","15"
"12646","21"
"10809","16"
"12563","16"
"11492","17"
"11324","16"
"13239","20"
"11793","21"
"13225","19"
"14914","21"
"10660","24"
"14608","24"
"14629","7"
"10276","15"
"11379","25"
"14075","10"
"12269","32"
"11427","20"
"13017","16"
"14910","10"
"12263","22"
"13438","26"
"11202","18"
"13932","15"
"14525","17"
"10097","23"
"11643","12"
"13668","17"
"14682","25"
"11444","16"
"10950","22"
"11754","21"
"13800","17"
"12849","22"
"14167","16"
"14798","17"
"13969","26"
"11036","24"
"14822","19"
"11648","19"
"14940","27"
"10277","20"
"10930","22"
"12998","27"
"12035","22"
"10696","12"
"14072","21"
"14580","18"
"12036","23"
"11637","20"
"11935","33"
"10489","15"
"13684","27"
"11291","20"
"12648","22"
"14398","17"
"11040","23"
"12162","7"
"12390","23"
"12532","18"
"13055","27"
"12477","30"
"10205","11"
"13788","32"
"10637","21"
"13679","21"
"12588","16"
"11715","24"
"11035","15"
"14194","28"
"10281","22"
"14698","22"
"14017","12"
"14907","19"
"10847","24"
"12893","18"
"14279","15"
"10989","24"
"10578","31"
"14574","15"
"12402","24"
"10492","22"
"14707","24"
"10810","14"
"10835","11"
"10232","21"
"13113","17"
"14684","18"
"14232","23"
"10325","16"
"14757","26"
"13927","36"
"12264","19"
"12698","15"
"12575","26"
"13079","17"
"11060","21"
"14105","20"
"13660","20"
"10893","18"
"12746","26"
"10953","14"
"10257","19"
"10162","22"
"12515","26"
"12795","13"
"11924","27"
"10870","20"
"14042","18"
"11288","26"
"14273","21"
"10682","19"
"13611","24"
"11768","18"
"14787","20"
"10650","17"
"12830","20"
"13274","18"
"11989","25"
"14474","11"
"11713","18"
"11905","18"
"11399","11"
"12574","17"
"14443","18"
"12813","17"
"12143","16"
"13494","19"
"12033","23"
"12376","21"
"13638","27"
"11795","16"
"14533","25"
"10601","19"
"14706","22"
"10071","23"
"13492","16"
"14949","18"
"12889","20"
"11632","18"
"13740","18"
"14129","20"
"14802","20"
"12240","29"
"12834","22"
"13471","21"
"10911","18"
"10916","16"
"11120","21"
"10051","21"
"14543","16"
"10539","18"
"12650","29"
"10278","20"
"14314","19"
"14153","16"
"11636","18"
"10910","23"
"12254","17"
"12501","21"
"11242","22"
"14470","26"
"10657","12"
"11173","17"
"14348","19"
"11913","18"
"12651","16"
"14221","13"
"14738","18"
"14649","13"
"11877","26"
"13620","23"
"13787","24"
"12100","18"
"12423","24"
"13716","16"
"11023","28"
"14298","23"
"11339","20"
"11820","26"
"12054","23"
"13266","23"
"13840","23"
"14307","19"
"12601","22"
"14544","15"
"12826","14"
"10022","20"
"12383","12"
"13584","15"
"13186","20"
"13307","22"
"12735","25"
"14386","24"
"13193","21"
"14471","22"
"12832","18"
"11853","25"
"11599","25"
"13911","21"
"10807","16"
"11478","19"
"12883","20"
"12387","14"
"10053","24"
"11910","20"
"10690","11"
"13843","13"
"14981","18"
"10441","19"
"13084","15"
"14714","25"
"14647","22"
"14532","14"
"12732","18"
"12528","19"
"11606","17"
"13292","17"
"13502","23"
"10663","13"
"12027","21"
"12189","24"
"12844","14"
"13629","15"
"13687","24"
"14771","24"
"11140","20"
"14435","16"
"11871","17"
"11254","18"
"13656","24"
"10714","21"
"14373","17"
"13639","18"
"12431","19"
"11294","19"
"12527","23"
"13033","11"
"14637","11"
"11861","19"
"11034","27"
"11788","18"
"11518","36"
"14550","19"
"11025","22"
"11987","17"
"10887","24"
"14740","23"
"14618","22"
"14192","12"
"13414","19"
"13552","16"
"11770","14"
"14182","15"
"10958","22"
"11466","24"
"13614","24"
"11408","26"
"10948","25"
"12891","17"
"10584","22"
"10206","27"
"14900","18"
"14036","26"
"12923","17"
"11925","14"
"14325","18"
"14959","20"
"12197","18"
"13201","28"
"11875","25"
"11262","19"
"13192","19"
"13147","8"
"11455","20"
"14303","21"
"12944","18"
"12672","19"
"14383","13"
"10708","17"
"11004","21"
"14122","19"
"14066","29"
"12102","14"
"12856","19"
"12912","26"
"11900","20"
"13778","20"
"11676","10"
"12322","20"
"11052","17"
"10694","18"
"10143","22"
"10404","17"
"14560","22"
"10570","15"
"13853","22"
"10722","19"
"14556","24"
"13316","11"
"13122","22"
"11515","22"
"14840","24"
"13328","13"
"11326","26"
"10311","16"
"14010","19"
"10872","20"
"11778","17"
"11475","11"
"10018","29"
"14915","19"
"10944","15"
"12174","27"
"12474","20"
"10440","31"
"13148","25"
"12386","24"
"10848","15"
"13517","17"
"11205","29"
"10455","21"
"10322","21"
"14951","20"
"10783","17"
"12997","17"
"11425","14"
"14195","22"
"14591","15"
"10566","22"
"10996","21"
"10207","14"
"12467","17"
"11371","19"
"12733","27"
"10472","20"
"11110","17"
"14227","17"
"14511","14"
"11137","18"
"12750","22"
"13617","19"
"14665","25"
"13610","17"
"14070","30"
"10273","23"
"12207","20"
"10130","15"
"13150","29"
"13321","23"
"12132","18"
"11446","19"
"10122","20"
"14456","22"
"11037","13"
"14343","22"
"15003","20"
"11866","22"
"10851","22"
"13220","19"
"12895","17"
"12720","25"
"14133","22"
"11401","23"
"14987","16"
"10902","14"
"11645","22"
"10314","24"
"11248","27"
"14573","26"
"10599","21"
"11319","20"
"14744","25"
"12898","21"
"12190","23"
"12864","22"
"13521","21"
"11334","20"
"13091","21"
"12015","19"
"11109","13"
"10899","26"
"13178","24"
"14278","21"
"11684","19"
"13626","8"
"13353","15"
"13682","21"
"10541","15"
"13630","11"
"13165","28"
"14686","11"
"13297","17"
"11954","24"
"14097","19"
"11501","19"
"11686","24"
"13073","15"
"14050","15"
"10443","24"
"13384","12"
"12192","14"
"11502","22"
"14681","18"
"12989","26"
"14160","19"
"10573","17"
"11448","17"
"10863","15"
"13741","24"
"13261","21"
"12868","21"
"13515","13"
"12209","22"
"14860","18"
"10868","22"
"13129","17"
"10475","18"
"10773","24"
"14374","21"
"14652","19"
"11375","22"
"13385","28"
"11268","22"
"11784","18"
"12348","21"
"12508","27"
"10424","11"
"13416","14"
"11813","19"
"12541","25"
"12067","33"
"12418","32"
"11654","16"
"14025","12"
"12553","27"
"11465","35"
"11333","13"
"10793","34"
"13869","13"
"14966","22"
"14015","15"
"10692","17"
"10753","17"
"14595","19"
"10198","13"
"10225","22"
"11888","24"
"11225","17"
"14888","16"
"10697","24"
"12108","18"
"12627","24"
"10631","24"
"12971","14"
"14121","28"
"12737","15"
"12039","20"
"11582","29"
"13844","25"
"12018","17"
"14633","15"
"13415","22"
"10158","24"
"12960","22"
"14086","22"
"11815","18"
"10923","19"
"12685","18"
"13087","21"
"10829","15"
"10146","16"
"10191","25"
"11747","16"
"12185","16"
"14402","25"
"14235","15"
"10184","24"
"14950","12"
"13455","18"
"14244","20"
"11217","16"
"12427","21"
"14215","23"
"14895","16"
"14349","20"
"12674","25"
"13876","20"
"12571","29"
"10079","23"
"14376","19"
"11992","23"
"12092","21"
"11083","20"
"12201","20"
"14317","14"
"10568","21"
"10745","14"
"10549","23"
"10493","15"
"10196","25"
"11631","16"
"13092","17"
"11588","21"
"10862","21"
"12369","16"
"10163","18"
"10525","23"
"10485","13"
"13009","19"
"14901","28"
"11531","20"
"14528","18"
"12247","15"
"12094","18"
"13102","21"
"10680","18"
"12233","15"
"14064","15"
"14639","15"
"10531","19"
"12820","20"
"10062","19"
"10669","20"
"10247","26"
"12118","25"
"12127","13"
"11541","15"
"13905","12"
"11581","26"
"12591","22"
"12726","26"
"11577","21"
"10396","10"
"13117","10"
"14960","15"
"11865","20"
"14184","18"
"13798","25"
"11116","14"
"12361","19"
"13080","31"
"12309","12"
"14658","14"
"12688","16"
"12223","19"
"10934","22"
"12003","23"
"10104","22"
"10865","7"
"10534","22"
"12847","15"
"13711","19"
"12938","24"
"11986","21"
"10470","21"
"12551","22"
"12345","22"
"12617","15"
"14062","23"
"12419","12"
"10083","9"
"12922","22"
"12761","21"
"14260","13"
"11238","17"
"12535","22"
"13479","17"
"10375","20"
"10082","19"
"10982","22"
"10840","14"
"13627","18"
"14249","28"
"12224","16"
"13657","25"
"13039","13"
"10108","18"
"12507","25"
"14245","13"
"10070","24"
"11766","14"
"11909","20"
"11002","19"
"12643","32"
"10019","16"
"12341","18"
"13700","13"
"11951","24"
"13056","26"
"12900","15"
"14301","22"
"12483","17"
"10621","16"
"11829","19"
"13333","21"
"11153","17"
"10186","27"
"12417","16"
"10587","22"
"10808","18"
"10724","22"
"12317","24"
"12711","18"
"13782","12"
"12808","16"
"13389","25"
"11050","18"
"12289","27"
"11421","23"
"12242","8"
"13707","24"
"12349","11"
"11437","26"
"10782","13"
"11038","20"
"14946","14"
"11369","15"
"12109","21"
"10658","17"
"10253","17"
"10425","17"
"10774","29"
"12632","25"
"14703","14"
"10340","19"
"14354","17"
"14315","19"
"14784","13"
"13109","20"
"10567","19"
"14021","26"
"14801","19"
"10997","19"
"11698","19"
"12262","20"
"14928","19"
"10589","23"
"13901","22"
"11276","23"
"12715","20"
"12518","24"
"12382","11"
"14531","27"
"14426","18"
"13180","13"
"11539","25"
"12261","23"
"14124","16"
"10058","15"
"10315","19"
"14430","24"
"12371","24"
"13449","17"
"14012","25"
"10447","21"
"12167","19"
"14313","13"
"13685","18"
"14199","16"
"14890","19"
"14963","30"
"11679","16"
"14717","17"
"13241","22"
"14985","19"
"14644","28"
"11859","24"
"14003","19"
"13658","23"
"13368","30"
"13812","21"
"14076","19"
"10683","10"
"14778","17"
"13139","21"
"13257","15"
"12116","23"
"13231","13"
"13291","11"
"10517","17"
"14269","16"
"14409","25"
"11876","14"
"11054","24"
"11822","19"
"13664","19"
"13774","13"
"10572","23"
"12438","22"
"10747","12"
"12455","15"
"11266","25"
"11554","22"
"10221","18"
"11611","20"
"10700","18"
"10463","25"
"13833","23"
"11666","22"
"12873","19"
"12792","22"
"14116","23"
"11955","26"
"12195","12"
"10491","18"
"10822","26"
"12768","23"
"11155","21"
"14880","20"
"14564","26"
"10695","22"
"13541","20"
"14851","25"
"12069","23"
"10576","14"
"11802","19"
"11782","26"
"14515","24"
"13217","21"
"14024","20"
"13686","23"
"11607","16"
"11972","15"
"14092","23"
"12170","24"
"11911","22"
"10602","21"
"12388","14"
"12661","22"
"12915","13"
"14040","27"
"14388","12"
"10935","22"
"12653","20"
"12665","18"
"11078","14"
"11086","15"
"13464","21"
"14326","14"
"10169","16"
"14120","17"
"14762","18"
"10925","18"
"11533","18"
"14858","20"
"11702","14"
"11921","16"
"10172","28"
"14763","16"
"13839","16"
"12489","22"
"11899","21"
"11398","19"
"12403","21"
"14572","29"
"12129","17"
"10551","20"
"11389","20"
"13553","23"
"14432","11"
"13245","17"
"13940","17"
"14352","22"
"11558","14"
"10317","13"
"12531","16"
"12211","18"
"14274","14"
"13040","22"
"12544","24"
"13176","25"
"11198","24"
"10117","19"
"11191","19"
"14263","20"
"14362","20"
"13391","23"
"13971","27"
"11848","21"
"13224","20"
"10008","13"
"11042","32"
"12060","20"
"12854","17"
"11387","17"
"11053","20"
"12828","20"
"10844","16"
"13628","20"
"11176","21"
"12941","17"
"11689","16"
"10302","24"
"12281","21"
"12377","16"
"14568","24"
"12796","19"
"14846","20"
"10751","24"
"13781","16"
"11538","27"
"13250","19"
"10473","19"
"14962","14"
"13189","21"
"11280","30"
"14578","22"
"10323","20"
"11507","15"
"11834","22"
"12226","27"
"12010","22"
"11402","24"
"11509","25"
"12655","15"
"10125","19"
"14128","15"
"14028","15"
"14739","17"
"12385","10"
"12730","24"
"12008","16"
"12538","19"
"10769","25"
"12654","23"
"10086","22"
"13069","20"
"10957","14"
"10764","22"
"13332","25"
"11701","18"
"14453","24"
"12061","16"
"11404","21"
"12148","19"
"10187","23"
"13158","14"
"12059","18"
"14664","22"
"14896","22"
"12620","28"
"12759","12"
"12404","22"
"11906","25"
"14190","18"
"14217","15"
"11731","16"
"12749","25"
"14513","31"
"10113","22"
"11922","20"
"12093","19"
"10415","26"
"10938","25"
"13200","22"
"10437","15"
"12678","21"
"13107","18"
"13984","12"
"11868","19"
"11388","15"
"11218","29"
"11397","19"
"13364","16"
"12907","21"
"14018","23"
"12052","16"
"10968","19"
"12452","28"
"14562","22"
"13188","15"
"12548","17"
"13662","22"
"11368","24"
"11414","21"
"11823","23"
"13004","21"
"12887","23"
"14060","24"
"11585","17"
"11361","17"
"10368","20"
"10755","19"
"10740","26"
"12126","18"
"11511","21"
"10550","28"
"12470","19"
"12903","21"
"10039","23"
"14082","25"
"13863","18"
"11767","22"
"13126","13"
"11947","14"
"12606","22"
"13432","22"
"14364","13"
"11223","15"
"13554","25"
"12112","17"
"14421","25"
"12589","17"
"10527","16"
"11095","13"
"11144","23"
"12716","22"
"10222","18"
"10075","23"
"10501","22"
"11567","16"
"11479","19"
"10698","18"
"10544","25"
"12355","21"
"14875","20"
"10651","17"
"14294","27"
"12155","20"
"11073","17"
"12982","23"
"10406","14"
"12236","19"
"14035","18"
"12664","16"
"13346","15"
"12546","19"
"11250","12"
"12046","26"
"13308","11"
"10395","27"
"10164","17"
"14410","23"
"11249","24"
"11390","20"
"10915","31"
"14773","23"
"13382","26"
"11419","19"
"13799","21"
"14342","22"
"10274","29"
"12169","16"
"13096","18"
"13809","18"
"10471","14"
"12981","18"
"10341","24"
"12586","28"
"12183","19"
"11454","20"
"14992","28"
"13938","16"
"12365","24"
"13993","19"
"12542","14"
"10743","23"
"10194","18"
"11106","24"
"10620","23"
"14054","21"
"11356","14"
"11864","20"
"12409","17"
"13560","23"
"14222","22"
"12146","17"
"13888","18"
"11760","19"
"12984","21"
"14704","17"
"11338","20"
"10142","14"
"11725","22"
"11510","20"
"11201","19"
"14720","18"
"12511","23"
"10788","16"
"14480","33"
"14438","12"
"13199","15"
"10984","12"
"13345","18"
"11743","24"
"11565","25"
"11087","18"
"10928","16"
"10618","18"
"14712","22"
"13002","22"
"14503","16"
"10400","22"
"12085","26"
"10691","21"
"14061","25"
"10332","26"
"13116","17"
"14396","19"
"14187","23"
"11519","19"
"10610","17"
"13982","16"
"14189","14"
"11357","20"
"13765","23"
"11072","19"
"10633","22"
"14669","26"
"14418","18"
"11410","18"
"11364","17"
"10495","20"
"10316","22"
"13215","16"
"14725","18"
"14090","29"
"12769","18"
"14865","19"
"10034","18"
"11143","23"
"12866","23"
"11619","15"
"12153","23"
"11108","27"
"14750","20"
"14233","23"
"11775","21"
"13427","20"
"14252","15"
"12578","27"
"10342","19"
"14479","17"
"14029","20"
"11929","15"
"10212","22"
"10237","15"
"11940","26"
"14183","24"
"14074","25"
"11867","22"
"12628","21"
"11010","18"
"12558","25"
"13973","22"
"12422","15"
"11627","17"
"12788","18"
"11107","24"
"10988","18"
"11342","26"
"12694","23"
"11962","19"
"11260","12"
"13518","21"
"13301","15"
"12022","12"
"12816","26"
"14829","24"
"10313","23"
"10636","18"
"12342","13"
"11991","19"
"10290","15"
"11970","17"
"10943","25"
"11753","23"
"10703","19"
"11014","25"
"10775","23"
"14689","27"
"11920","18"
"11732","21"
"10139","24"
"10730","22"
"12495","24"
"11727","17"
"14575","17"
"14065","15"
"14216","18"
"10640","26"
"11147","21"
"10248","24"
"14243","21"
"13187","18"
"10609","20"
"12524","17"
"13956","20"
"10318","26"
"11966","34"
"10297","18"
"13929","19"
"12738","31"
"10528","19"
"11818","21"
"14236","16"
"13325","18"
"12121","21"
"11622","27"
"11166","22"
"11723","21"
"11167","24"
"14667","20"
"13371","22"
"14166","24"
"14366","30"
"14678","18"
"12485","15"
"13598","18"
"11670","19"
"11546","16"
"12294","18"
"13377","17"
"10249","14"
"11907","17"
"13011","23"
"14440","13"
"14878","15"
"10335","21"
"11956","14"
"12044","18"
"14408","20"
"11892","23"
"10833","22"
"14847","25"
"10955","19"
"12238","21"
"14071","18"
"10739","18"
"11307","18"
"12901","14"
"13413","27"
"14384","14"
"14228","14"
"10771","20"
"10856","19"
"13886","19"
"13677","28"
"14016","21"
"14968","14"
"13082","16"
"11278","19"
"13914","22"
"14448","17"
"14293","15"
"11093","19"
"14007","20"
"11209","29"
"10815","20"
"12325","21"
"12684","19"
"10459","17"
"11936","25"
"10664","18"
"12097","23"
"11786","12"
"10877","18"
"12267","20"
"13786","16"
"11600","25"
"14935","20"
"10666","12"
"12666","17"
"14612","23"
"11061","17"
"13917","19"
"14921","15"
"13296","20"
"10350","17"
"11283","24"
"10668","16"
"11563","27"
"10780","14"
"11309","20"
"10632","23"
"10594","25"
"12569","23"
"13880","17"
"13731","23"
"14146","22"
"10449","19"
"12771","20"
"11185","16"
"11498","17"
"14683","16"
"10832","16"
"11880","24"
"11683","20"
"10069","22"
"11298","24"
"12700","16"
"10557","19"
"12078","21"
"12687","18"
"10484","20"
"12218","28"
"10176","24"
"11564","32"
"13358","18"
"11610","32"
"10367","14"
"12693","14"
"10880","16"
"14180","21"
"13051","18"
"13649","16"
"14360","25"
"11634","20"
"11596","15"
"10985","21"
"14606","18"
"12315","14"
"13720","25"
"10479","20"
"14779","18"
"13081","22"
"12492","25"
"11593","28"
"10919","16"
"14974","24"
"11261","20"
"13862","15"
"11513","19"
"11597","13"
"13808","11"
"11477","12"
"12323","22"
"10970","22"
"11629","20"
"12754","19"
"12679","16"
"11664","23"
"11350","22"
"11327","22"
"12956","18"
"11808","14"
"14855","27"
"13806","26"
"11314","17"
"14800","21"
"12582","20"
"14014","16"
"10010","27"
"11232","15"
"11803","19"
"12098","18"
"12444","18"
"13615","22"
"11303","20"
"11879","13"
"11680","18"
"11491","17"
"13077","28"
"10458","25"
"10803","19"
"13526","24"
"12809","25"
"14464","19"
"12604","18"
"14475","27"
"11609","21"
"12739","27"
"14813","26"
"14842","18"
"10227","20"
"14206","24"
"13024","17"
"11022","24"
"11214","14"
"12649","26"
"10391","16"
"10291","17"
"14615","14"
"13099","21"
"11255","21"
"12787","20"
"11431","18"
"14302","21"
"10596","23"
"14319","23"
"13795","18"
"14039","23"
"12292","25"
"12974","24"
"13360","17"
"10615","20"
"13037","23"
"14093","21"
"12099","21"
"13448","20"
"12926","17"
"10201","14"
"11301","18"
"14510","30"
"14214","20"
"11197","28"
"14954","21"
"13571","19"
"11348","22"
"13437","35"
"13566","26"
"14363","27"
"12822","29"
"13104","21"
"12082","22"
"11571","17"
"12859","20"
"11902","18"
"11181","21"
"12276","23"
"10067","14"
"11584","28"
"14381","24"
"12227","15"
"12396","14"
"11525","21"
"10797","20"
"14179","17"
"14422","22"
"14961","25"
"13928","17"
"12781","28"
"11568","19"
"10750","19"
"10709","17"
"10254","18"
"14830","22"
"10623","15"
"14271","24"
"13867","15"
"12141","24"
"14211","17"
"12964","24"
"11586","15"
"12848","19"
"13236","19"
"14952","24"
"13218","16"
"13376","21"
"13749","21"
"11977","24"
"12320","21"
"11787","12"
"12704","15"
"13132","23"
"10434","17"
"13667","21"
"13889","24"
"13262","14"
"11618","22"
"14613","18"
"11660","19"
"10706","19"
"14889","22"
"11006","16"
"12869","21"
"11624","19"
"11650","15"
"11730","23"
"11874","23"
"14089","19"
"14111","26"
"12017","22"
"11221","23"
"14069","23"
"10020","15"
"14051","18"
"10046","21"
"14353","23"
"11695","22"
"13691","21"
"14109","20"
"13756","23"
"13054","22"
"11896","19"
"10226","27"
"13547","22"
"10035","23"
"13906","20"
"10389","23"
"14670","12"
"14457","31"
"13103","21"
"11208","25"
"12641","26"
"14350","19"
"10961","14"
"13234","20"
"13038","19"
"13337","25"
"13287","20"
"11150","20"
"11839","23"
"11857","19"
"10526","24"
"12823","19"
"12414","15"
"11395","19"
"13060","25"
"13783","21"
"11195","20"
"10583","23"
"10151","15"
"11602","17"
"14446","28"
"12743","19"
"13251","15"
"10942","10"
"12040","16"
"13458","13"
"13243","15"
"10511","18"
"12636","19"
"13181","22"
"12130","20"
"11386","13"
"14473","16"
"10057","26"
"10105","17"
"13922","23"
"12585","20"
"12410","22"
"13837","22"
"12051","27"
"10348","32"
"13755","16"
"13452","21"
"12537","16"
"10171","11"
"11658","16"
"10029","22"
"13052","25"
"10230","17"
"14646","15"
"14231","22"
"13058","12"
"11430","26"
"14339","18"
"11819","20"
"12790","18"
"11125","16"
"10119","20"
"14585","22"
"14283","23"
"14868","21"
"14807","30"
"12932","28"
"14596","17"
"10977","21"
"14745","18"
"10460","15"
"11360","18"
"13580","19"
"12300","14"
"13477","17"
"10220","24"
"10428","18"
"12270","26"
"12689","16"
"11403","20"
"10087","15"
"14925","16"
"10735","15"
"10752","21"
"14584","27"
"12266","18"
"10726","19"
"12659","24"
"11487","20"
"13281","21"
"13145","24"
"10689","21"
"14309","17"
"14600","22"
"12833","15"
"10906","21"
"12719","21"
"10582","25"
"13734","14"
"13120","17"
"13461","18"
"14391","26"
"10203","21"
"10741","20"
"13607","18"
"12484","22"
"14997","19"
"13032","19"
"12710","30"
"14597","19"
"10912","19"
"12406","18"
"12976","25"
"13016","21"
"11057","23"
"14433","14"
"12454","16"
"11228","20"
"12957","21"
"12135","21"
"13941","17"
"14893","22"
"11049","16"
"14212","14"
"12296","19"
"10482","15"
"14621","25"
"10308","19"
"14489","21"
"12959","19"
"14823","15"
"14052","22"
"14581","23"
"12503","18"
"10864","17"
"13267","21"
"11858","13"
"13049","18"
"13907","23"
"12005","19"
"11435","18"
"13698","20"
"12842","21"
"12125","19"
"12237","15"
"14113","22"
"14570","16"
"14953","22"
"13429","24"
"13641","22"
"12343","21"
"13380","18"
"10790","16"
"10040","24"
"10324","13"
"10785","21"
"10041","26"
"13688","26"
"12215","17"
"12708","25"
"10044","24"
"11796","22"
"13949","16"
"13485","18"
"13881","17"
"11860","15"
"10757","18"
"11207","26"
"13743","24"
"12605","21"
"10263","20"
"10392","25"
"13910","16"
"10929","15"
"13136","14"
"11136","24"
"11644","22"
"11472","19"
"10068","26"
"11799","20"
"14898","27"
"10025","15"
"14359","23"
"14152","19"
"13902","13"
"13589","21"
"11801","15"
"14727","17"
"12658","20"
"14262","17"
"13140","19"
"12321","17"
"10084","25"
"14500","24"
"10881","27"
"14393","17"
"12260","21"
"12793","27"
"10816","21"
"13228","20"
"12519","27"
"11672","14"
"10920","14"
"14497","17"
"10032","22"
"12616","19"
"11244","23"
"11174","23"
"14611","21"
"10093","20"
"13309","23"
"14641","20"
"10017","18"
"11080","17"
"14694","21"
"14397","19"
"14972","10"
"14481","24"
"12308","22"
"14566","23"
"14157","22"
"11097","15"
"10110","17"
"14788","21"
"12765","26"
"10972","22"
"10874","18"
"13725","15"
"13020","16"
"14841","12"
"11762","15"
"11345","22"
"13683","19"
"14150","31"
"14201","22"
"11776","19"
"10009","17"
"10512","15"
"10715","26"
"11915","26"
"10397","24"
"12509","24"
"14506","19"
"10839","15"
"10293","18"
"10065","17"
"10140","22"
"10478","18"
"14387","24"
"13015","16"
"12344","25"
"14839","22"
"13674","26"
"14931","17"
"11226","21"
"13209","19"
"12526","24"
"10112","19"
"14259","21"
"13064","28"
"10905","17"
"12374","24"
"11017","17"
"11289","21"
"12204","18"
"10649","19"
"14607","21"
"10347","20"
"13031","18"
"13072","23"
"12906","19"
"12168","25"
"13961","15"
"10476","28"
"10208","20"
"11687","17"
"13606","15"
"11891","16"
"13604","24"
"13019","16"
"14766","23"
"13459","30"
"14181","22"
"11405","19"
"13304","23"
"13326","31"
"12020","17"
"11916","16"
"12918","24"
"12256","13"
"13357","19"
"12804","19"
"14405","19"
"11742","21"
"10818","20"
"13939","17"
"14791","23"
"10744","21"
"13365","18"
"13748","22"
"14026","20"
"14783","17"
"10420","20"
"10537","17"
"10353","18"
"12670","25"
"12594","17"
"10114","21"
"10127","18"
"11417","20"
"12283","22"
"10965","22"
"13105","22"
"14340","22"
"13954","15"
"14240","15"
"14553","13"
"13754","18"
"13796","20"
"11682","26"
"11089","13"
"12835","23"
"14079","29"
"14088","25"
"12780","19"
"10843","19"
"13768","22"
"10334","11"
"14563","15"
"14176","27"
"14803","27"
"11758","19"
"11428","20"
"14752","16"
"11926","18"
"14096","16"
"11716","14"
"13723","17"
"14467","22"
"14994","23"
"13738","22"
"12590","22"
"12327","23"
"13065","20"
"12235","14"
"11960","17"
"14280","22"
"11297","26"
"12441","20"
"13248","20"
"12549","16"
"14145","27"
"11524","22"
"14256","19"
"13351","15"
"13968","15"
"13487","18"
"13421","23"
"11621","14"
"10908","25"
"10634","25"
"12379","14"
"12009","20"
"10301","15"
"11077","20"
"12717","15"
"11270","25"
"14336","24"
"10354","19"
"11219","20"
"13538","20"
"10956","24"
"14975","18"
"10503","18"
"10261","29"
"11810","20"
"14756","19"
"10377","22"
"13118","18"
"10999","21"
"13074","30"
"13338","22"
"10320","20"
"10513","26"
"11256","16"
"11215","13"
"14710","25"
"10183","16"
"11056","18"
"13732","19"
"12073","21"
"12433","13"
"10926","15"
"10182","19"
"11426","16"
"12229","18"
"14022","17"
"12681","17"
"11471","11"
"14576","30"
"14561","16"
"11771","26"
"10903","20"
"11939","16"
"11230","15"
"13673","23"
"11574","24"
"10613","24"
"12301","26"
"11579","20"
"11545","16"
"12560","29"
"13444","28"
"11824","30"
"14127","21"
"11540","16"
"12096","21"
"11236","18"
"14220","22"
"14300","18"
"12421","12"
"10469","16"
"11103","28"
"10238","18"
"11651","16"
"13900","18"
"13210","23"
"11269","15"
"10101","18"
"14177","24"
"12875","22"
"12577","17"
"14523","20"
"13159","18"
"12827","29"
"12814","15"
"11305","17"
"11277","21"
"13803","10"
"10387","22"
"11711","22"
"11094","21"
"14819","20"
"12637","17"
"13648","11"
"14933","18"
"12714","12"
"10215","11"
"14382","18"
"11903","15"
"13510","21"
"14068","28"
"10590","16"
"10536","19"
"13208","25"
"11825","26"
"14699","15"
"13298","16"
"11355","19"
"14927","38"
"12449","20"
"14292","20"
"14001","25"
"11617","16"
"14816","18"
"14804","17"
"10781","13"
"12800","14"
"12831","25"
"10355","21"
"10337","25"
"12122","18"
"14316","25"
"10063","19"
"13819","22"
"10655","21"
"11528","20"
"11969","29"
"13599","24"
"11846","20"
"11199","13"
"14634","23"
"12134","14"
"10719","21"
"11300","18"
"11457","16"
"12278","18"
"14700","26"
"11165","23"
"12520","24"
"12680","21"
"14484","30"
"11881","24"
"13675","24"
"10981","20"
"10265","15"
"11027","29"
"12908","23"
"11721","19"
"12896","22"
"13403","17"
"14753","13"
"12539","19"
"12268","27"
"12193","14"
"13336","19"
"10026","16"
"13637","25"
"10091","17"
"12613","15"
"11024","29"
"14988","17"
"12299","16"
"14737","18"
"14499","18"
"14032","25"
"14469","17"
"14368","20"
"14793","26"
"11279","19"
"10575","27"
"12962","28"
"10094","17"
"12871","19"
"12246","18"
"11791","17"
"10356","21"
"12428","19"
"10850","26"
"14726","22"
"10532","20"
"14442","16"
"11124","19"
"11705","16"
"14848","20"
"12458","19"
"10959","12"
"14642","31"
"12934","28"
"12545","24"
"11064","17"
"13699","21"
"14043","15"
"13043","20"
"10268","16"
"10964","23"
"12794","16"
"10947","23"
"12755","20"
"11537","22"
"12119","24"
"11443","22"
"14874","21"
"13516","14"
"14037","18"
"12473","27"
"12181","16"
"10138","24"
"12564","19"
"11941","21"
"12295","16"
"12913","21"
"13845","12"
"11470","18"
"10543","19"
"14219","24"
"10060","15"
"10128","21"
"10827","21"
"11295","25"
"13890","20"
"12178","16"
"11407","14"
"12293","24"
"12614","20"
"10419","24"
"10720","17"
"11949","17"
"13130","22"
"12140","14"
"13367","25"
"11744","16"
"12705","22"
"10645","22"
"13834","16"
"11212","19"
"11530","16"
"11007","22"
"11306","28"
"10761","16"
"10652","22"
"11005","21"
"13046","15"
"10152","23"
"11330","18"
"12446","15"
"14792","23"
"12886","22"
"14555","21"
"12026","11"
"13790","21"
"13714","21"
"12012","13"
"11828","28"
"10768","19"
"13269","18"
"13312","14"
"14688","16"
"10408","20"
"13392","19"
"14126","22"
"10876","21"
"11370","14"
"14399","16"
"14887","20"
"10365","23"
"11671","22"
"14057","26"
"13237","18"
"13408","15"
"13174","22"
"13008","19"
"14172","16"
"10562","19"
"13838","22"
"13034","19"
"12037","23"
"10604","21"
"12375","21"
"12884","20"
"10259","15"
"14588","10"
"13772","19"
"10123","19"
"10770","16"
"10553","21"
"11113","17"
"12939","18"
"14586","28"
"14451","22"
"12785","16"
"12924","21"
"10791","11"
"13223","28"
"11958","23"
"14080","17"
"13713","19"
"13078","23"
"13162","18"
"13289","20"
"10260","14"
"10665","17"
"12104","16"
"11914","26"
"14311","15"
"13591","18"
"13924","22"
"14828","19"
"10731","17"
"13484","19"
"13625","15"
"13195","18"
"12353","27"
"10867","15"
"12631","20"
"11070","20"
"12398","17"
"12172","23"
"10643","19"
"10638","20"
"11066","21"
"12656","14"
"10284","18"
"11030","21"
"11642","25"
"13505","21"
"13531","27"
"14429","13"
"12006","24"
"14579","13"
"14005","14"
"12451","25"
"13632","16"
"10061","19"
"11142","13"
"13026","30"
"12319","31"
"13776","24"
"13498","20"
"10702","27"
"11335","22"
"12476","17"
"12917","13"
"12747","20"
"10821","14"
"10885","22"
"10285","20"
"14208","20"
"10106","26"
"14083","20"
"10681","24"
"11088","18"
"12645","17"
"10077","28"
"12778","22"
"14656","25"
"11739","17"
"14635","20"
"14924","22"
"10381","26"
"12522","13"
"14304","19"
"11616","19"
"13764","14"
"13989","16"
"11328","17"
"10457","21"
"10155","15"
"11424","18"
"11692","21"
"10241","13"
"12987","18"
"14203","22"
"13203","21"
"11041","21"
"11757","27"
"14863","11"
"14932","19"
"13619","23"
"13216","17"
"13428","28"
"14892","17"
"12671","29"
"10433","22"
"11544","20"
"12013","29"
"13647","14"
"12669","18"
"13891","15"
"12101","20"
"11258","17"
"12865","21"
"10156","15"
"14640","22"
"12154","17"
"13643","15"
"12076","25"
"13603","23"
"11718","18"
"12049","24"
"10907","14"
"11325","23"
"13916","18"
"10879","18"
"10674","24"
"12062","18"
"10405","23"
"13835","20"
"14495","22"
"14463","24"
"13742","23"
"10979","26"
"11098","13"
"13529","27"
"10733","23"
"14603","20"
"13678","20"
"10812","27"
"13282","29"
"12724","25"
"11220","27"
"11246","25"
"14786","12"
"12401","17"
"13465","17"
"11263","18"
"14827","20"
"13171","14"
"11816","13"
"13549","21"
"12861","23"
"11983","14"
"14323","17"
"11285","15"
"14973","18"
"14947","21"
"12561","11"
"14163","14"
"14970","17"
"13564","15"
"12596","13"
"13899","22"
"10243","25"
"12810","13"
"11118","27"
"13387","26"
"11551","19"
"12360","20"
"12065","20"
"10554","16"
"12304","24"
"14020","23"
"13826","25"
"10319","17"
"11845","25"
"14760","18"
"10374","20"
"12463","13"
"12975","20"
"10066","22"
"14031","16"
"13676","18"
"12164","12"
"13005","19"
"11439","21"
"12160","23"
"12937","20"
"14390","21"
"10016","16"
"14833","19"
"10555","21"
"10043","17"
"13855","13"
"11145","18"
"14237","13"
"10111","22"
"14938","20"
"10873","29"
"12030","24"
"14857","15"
"14332","20"
"10718","28"
"13198","16"
"11863","21"
"11821","17"
"13915","17"
"10626","19"
"13183","15"
"10939","26"
"11851","28"
"12945","19"
"13618","18"
"10804","21"
"10456","28"
"10218","20"
"14441","24"
"11894","18"
"12921","21"
"14486","21"
"10211","13"
"11182","28"
"10362","18"
"14334","18"
"13874","18"
"12087","16"
"10145","20"
"12029","19"
"10581","25"
"10973","16"
"12147","21"
"13027","30"
"14680","20"
"13125","28"
"10688","22"
"10412","15"
"12461","28"
"11521","15"
"12994","19"
"10777","28"
"11168","21"
"10467","16"
"13313","20"
"10756","19"
"14930","18"
"13111","17"
"13955","12"
"11462","24"
"10737","16"
"12846","22"
"10629","23"
"13801","17"
"11520","23"
"10021","18"
"13883","23"
"11942","21"
"13931","20"
"13581","16"
"12675","18"
"12584","28"
"13454","18"
"13661","26"
"11883","20"
"12652","26"
"14400","22"
"14796","26"
"11908","22"
"14140","19"
"11488","24"
"13532","28"
"13997","10"
"10705","17"
"10059","20"
"14119","12"
"13918","17"
"13827","20"
"11779","18"
"11204","12"
"11996","17"
"12050","22"
"11400","22"
"10778","22"
"11234","17"
"10223","24"
"13177","17"
"11615","28"
"12216","24"
"11381","23"
"13412","17"
"14351","19"
"14355","23"
"13447","17"
"10015","16"
"14730","18"
"10236","22"
"13981","23"
"10439","11"
"10309","17"
"11075","19"
"10049","25"
"11598","19"
"14623","20"
"11499","25"
"13173","34"
"14654","25"
"12837","24"
"10900","17"
"14870","22"
"10801","22"
"11322","25"
"14277","22"
"13401","21"
"13349","15"
"10796","25"
"11700","15"
"14225","24"
"13525","23"
"14472","20"
"13169","24"
"14723","25"
"11046","25"
"11440","19"
"13631","6"
"14103","23"
"12259","23"
"13067","17"
"13006","26"
"10393","20"
"14774","18"
"10204","29"
"12757","15"
"11980","22"
"13489","21"
"13882","16"
"10380","20"
"12593","19"
"12091","16"
"13644","26"
"11353","21"
"14794","16"
"14261","17"
"11169","11"
"12855","17"
"14920","20"
"10141","18"
"10333","20"
"12086","17"
"13864","19"
"13085","15"
"14772","13"
"13311","14"
"10299","26"
"13703","20"
"14902","11"
"12200","20"
"10165","16"
"14123","16"
"12151","18"
"12157","27"
"12691","21"
"13436","17"
"12840","28"
"14812","26"
"11812","27"
"10358","17"
"13721","16"
"13998","22"
"13400","26"
"12851","19"
"12950","17"
"12580","17"
"11789","19"
"11605","21"
"13506","15"
"10386","16"
"13975","24"
"11111","24"
"12712","20"
"10711","21"
"10085","21"
"13950","18"
"11156","18"
"14147","24"
"14899","17"
"13007","15"
"14372","24"
"12911","16"
"12462","18"
"14529","28"
"11749","17"
"11135","20"
"14976","12"
"13587","21"
"12742","14"
"13462","17"
"14361","28"
"10619","22"
"13775","21"
"14338","15"
"10411","21"
"11241","26"
"12977","12"
"12929","22"
"13394","12"
"14675","24"
"11535","33"
"13075","18"
"10552","16"
"11506","22"
"10611","24"
"12056","12"
"10255","25"
"10498","16"
"11349","25"
"11697","24"
"10174","28"
"13815","20"
"14044","31"
"13247","23"
"11336","18"
"13543","16"
"13567","23"
"12999","26"
"10052","25"
"13155","18"
"10510","14"
"10787","21"
"14502","13"
"14310","31"
"12723","21"
"13752","29"
"12947","20"
"13495","24"
"12429","24"
"11748","23"
"12152","18"
"14713","21"
"11441","11"
"11566","25"
"12496","17"
"11946","17"
"11878","16"
"14493","17"
"11838","21"
"12364","17"
"11552","23"
"10422","16"
"14604","20"
"11576","33"
"10228","26"
"13255","25"
"14447","20"
"13537","17"
"10486","14"
"13821","16"
"13828","15"
"14494","19"
"13497","22"
"10728","32"
"11320","26"
"14735","18"
"13935","19"
"13221","23"
"12619","20"
"12128","11"
"11013","14"
"14864","20"
"14817","23"
"14882","15"
"14732","19"
"12212","23"
"12699","18"
"11293","13"
"14142","19"
"14226","20"
"10038","14"
"12077","19"
"13149","19"
"13930","26"
"14059","19"
"12038","22"
"11374","14"
"14567","16"
"14428","15"
"11978","19"
"10144","24"
"11316","18"
"11183","18"
"10607","19"
"11988","23"
"11837","20"
"12180","24"
"14431","21"
"10217","15"
"13791","14"
"14886","21"
"12967","16"
"11494","21"
"13655","14"
"11366","36"
"10725","14"
"13370","20"
"13522","29"
"12899","19"
"14918","13"
"10282","26"
"10055","17"
"10896","15"
